Abbreviations,Metabolite Name,Compartment
10fthf[c],10-Formyltetrahydrofolate,Cytosol
10fthf[m],10-Formyltetrahydrofolate,Mitochondria
12dgr_PP[c],"1,2-Diacylglycerol, yeast-specific",Cytosol
13BDglcn[c],"1,3-beta-D-Glucan",Cytosol
13BDglcn[e],"1,3-beta-D-Glucan",Extracellular
13dampp[c],"1,3-Diaminopropane",Cytosol
13dpg[c],3-Phospho-D-glyceroyl phosphate,Cytosol
14glun[c],"(1,4-alpha-D-Glucosyl)n",Cytosol
16BDglcn[c],"1,6-beta-D-Glucan",Cytosol
1ag3p_PP[c],1-Acyl-sn-glycerol 3-phosphate,Cytosol
1agly3p_PP[c],"1-Acyl-glycerone 3-phosphate, yeast-specific",Cytosol
1agpc_PP[c],"1-Acyl-sn-glycerol-3-phosphocholine, yeast-specific",Cytosol
1mncam[c],1-Methylnicotinamide,Cytosol
1p3h5c[c],L-1-Pyrroline-3-hydroxy-5-carboxylate,Cytosol
1p3h5c[m],L-1-Pyrroline-3-hydroxy-5-carboxylate,Mitochondria
1pyr5c[c],1-Pyrroline-5-carboxylate,Cytosol
1pyr5c[m],1-Pyrroline-5-carboxylate,Mitochondria
23dhmb[m],"(R)-2,3-Dihydroxy-3-methylbutanoate",Mitochondria
23dhmp[m],"(R)-2,3-Dihydroxy-3-methylpentanoate",Mitochondria
23dpg[c],"2,3-Disphospho-D-glycerate",Cytosol
25aics[c],(S)-2-[5-Amino-1-(5-phospho-D-ribosyl)imidazole-4-carboxamido]succinate,Cytosol
25dhpp[c],"2,5-Diamino-6-hydroxy-4-(5'-phosphoribosylamino)-pyrimidine",Cytosol
25dthpp[c],"2,5-diamino-6-ribitylamino-4(3H)-pyrimidinone 5'-phosphate",Cytosol
2ahbut[m],(S)-2-Aceto-2-hydroxybutanoate,Mitochondria
2ahhmd[m],"2-Amino-4-hydroxy-6-hydroxymethyl-7,8-dihydropteridine diphosphate",Mitochondria
2ahhmp[m],"2-Amino-4-hydroxy-6-hydroxymethyl-7,8-dihydropteridine",Mitochondria
2amsa[c],2-Aminomalonate semialdehyde,Cytosol
2aobut[c],L-2-Amino-3-oxobutanoate,Cytosol
2cpr5p[c],1-(2-Carboxyphenylamino)-1-deoxy-D-ribulose 5-phosphate,Cytosol
2dda7p[c],2-Dehydro-3-deoxy-D-arabino-heptonate 7-phosphate,Cytosol
2dda7p[m],2-Dehydro-3-deoxy-D-arabino-heptonate 7-phosphate,Mitochondria
2dglc[c],2-Deoxy-D-glucose,Cytosol
2dhp[c],2-Dehydropantoate,Cytosol
2dhp[m],2-Dehydropantoate,Mitochondria
2doxg6p[c],2-Deoxy-D-glucose 6-phosphate,Cytosol
2dr1p[c],2-Deoxy-D-ribose 1-phosphate,Cytosol
2dr5p[c],2-Deoxy-D-ribose 5-phosphate,Cytosol
2hhxdal[c],2-Hydroxy-hexadecanal,Cytosol
2hp6mbq[m],"2-Hexaprenyl-6-methoxy-1,4-benzoquinone",Mitochondria
2hp6mp[m],2-Hexaprenyl-6-methoxyphenol,Mitochondria
2hpmhmbq[m],"2-hexaprenyl-3-methyl-5-hydroxy-6-methoxy-1,4-benzoquinone",Mitochondria
2hpmmbq[m],"2-hexaprenyl-3-methyl-6-methoxy-1,4-benzoquinone",Mitochondria
2ippm[c],2-Isopropylmaleate,Cytosol
2kmb[c],2-keto-4-methylthiobutyrate,Cytosol
2mahmp[c],2-Methyl-4-amino-5-hydroxymethylpyrimidine diphosphate,Cytosol
2mbald[c],2-methylbutyraldehyde,Cytosol
2mbald[e],2-methylbutyraldehyde,Extracellular
2mbald[m],2-methylbutyraldehyde,Mitochondria
2mbtoh[c],2-methyl-1-butanol,Cytosol
2mbtoh[e],2-methyl-1-butanol,Extracellular
2mbtoh[m],2-methyl-1-butanol,Mitochondria
2mcit[m],2-Methylcitrate,Mitochondria
2mppal[c],2-methylpropanal,Cytosol
2mppal[e],2-methylpropanal,Extracellular
2mppal[m],2-methylpropanal,Mitochondria
2obut[c],2-Oxobutanoate,Cytosol
2obut[m],2-Oxobutanoate,Mitochondria
2oxoadp[c],2-Oxoadipate,Cytosol
2oxoadp[m],2-Oxoadipate,Mitochondria
2pg[c],D-Glycerate 2-phosphate,Cytosol
2phetoh[c],2-phenylethanol,Cytosol
2phetoh[e],2-phenylethanol,Extracellular
2phetoh[m],2-phenylethanol,Mitochondria
34hpl[m],3-(4-Hydroxyphenyl)lactate,Mitochondria
34hpp[c],3-(4-Hydroxyphenyl)pyruvate,Cytosol
34hpp[m],3-(4-Hydroxyphenyl)pyruvate,Mitochondria
34hpp[x],3-(4-Hydroxyphenyl)pyruvate,Peroxisome
35ccmp[c],"3',5'-Cyclic CMP",Cytosol
35cdamp[c],"3',5'-Cyclic dAMP",Cytosol
35cgmp[c],"3',5'-Cyclic GMP",Cytosol
35cimp[c],"3',5'-Cyclic IMP",Cytosol
3c2hmp[c],3-Carboxy-2-hydroxy-4-methylpentanoate,Cytosol
3c3hmp[c],3-Carboxy-3-hydroxy-4-methylpentanoate,Cytosol
3c3hmp[e],3-Carboxy-3-hydroxy-4-methylpentanoate,Extracellular
3c3hmp[m],3-Carboxy-3-hydroxy-4-methylpentanoate,Mitochondria
3c4mop[c],3-Carboxy-4-methyl-2-oxopentanoate,Cytosol
3c4mop[m],3-Carboxy-4-methyl-2-oxopentanoate,Mitochondria
3dh5hpb[c],"3-Hexaprenyl-4,5-dihydroxybenzoate",Cytosol
3dh5hpb[m],"3-Hexaprenyl-4,5-dihydroxybenzoate",Mitochondria
3dhq[c],3-Dehydroquinate,Cytosol
3dhsk[c],3-Dehydroshikimate,Cytosol
3dsphgn[c],3-Dehydrosphinganine,Cytosol
3hanthrn[c],3-Hydroxyanthranilate,Cytosol
3hdcoa[x],(S)-3-Hydroxydecanoyl-CoA,Peroxisome
3hddcoa[x],(S)-3-Hydroxydodecanoyl-CoA,Peroxisome
3hhdcoa[x],(S)-3-Hydroxyhexadecanoyl-CoA,Peroxisome
3hodcoa[x],(S)-3-Hydroxyoctadecanoyl-CoA,Peroxisome
3hph5mb[m],3-Hexaprenyl-4-hydroxy-5-methoxybenzoate,Mitochondria
3htdcoa[x],(S)-3-Hydroxytetradecanoyl-CoA,Peroxisome
3hxccoa[x],(S)-3-Hydroxyhexacosyl-CoA,Peroxisome
3ig3p[c],C'-(3-Indolyl)-glycerol 3-phosphate,Cytosol
3ipmmest[c],3-isopropylmalate-methyl-ester,Cytosol
3mbald[c],3-Methylbutanal,Cytosol
3mbald[e],3-Methylbutanal,Extracellular
3mbald[m],3-Methylbutanal,Mitochondria
3mob[c],3-Methyl-2-oxobutanoate,Cytosol
3mob[m],3-Methyl-2-oxobutanoate,Mitochondria
3mop[c],(S)-3-Methyl-2-oxopentanoate,Cytosol
3mop[e],(S)-3-Methyl-2-oxopentanoate,Extracellular
3mop[m],(S)-3-Methyl-2-oxopentanoate,Mitochondria
3odcoa[x],3-Oxodecanoyl-CoA,Peroxisome
3oddcoa[x],3-Oxododecanoyl-CoA,Peroxisome
3ohdcoa[x],3-Oxohexadecanoyl-CoA,Peroxisome
3ohodcoa[x],3-Oxooctadecanoyl-CoA,Peroxisome
3ohxccoa[x],3-Oxohexacosyl-CoA,Peroxisome
3ophb_5[c],3-Hexaprenyl-4-hydroxybenzoate,Cytosol
3ophb_5[m],3-Hexaprenyl-4-hydroxybenzoate,Mitochondria
3otdcoa[x],3-Oxotetradecanoyl-CoA,Peroxisome
3pg[c],3-Phospho-D-glycerate,Cytosol
3php[c],3-Phosphohydroxypyruvate,Cytosol
3psme[c],5-O-(1-Carboxyvinyl)-3-phosphoshikimate,Cytosol
44mctr[c],"4,4-dimethylcholesta-8,14,24-trienol",Cytosol
44mzym[c],"4,4-dimethylzymosterol",Cytosol
4abut[c],4-Aminobutanoate,Cytosol
4abut[e],4-Aminobutanoate,Extracellular
4abut[m],4-Aminobutanoate,Mitochondria
4abutn[c],4-Aminobutanal,Cytosol
4abutn[m],4-Aminobutanal,Mitochondria
4abz[c],4-Aminobenzoate,Cytosol
4abz[e],4-Aminobenzoate,Extracellular
4abz[m],4-Aminobenzoate,Mitochondria
4adcho[c],4-amino-4-deoxychorismate,Cytosol
4ahmmp[c],4-Amino-5-hydroxymethyl-2-methylpyrimidine,Cytosol
4ampm[c],4-Amino-2-methyl-5-phosphomethylpyrimidine,Cytosol
4gudbd[c],4-Guanidinobutanamide,Cytosol
4gudbutn[c],4-Guanidinobutanoate,Cytosol
4h2oglt[c],4-Hydroxy-2-oxoglutarate,Cytosol
4h2oglt[m],4-Hydroxy-2-oxoglutarate,Mitochondria
4h2oglt[x],4-Hydroxy-2-oxoglutarate,Peroxisome
4hbz[c],4-Hydroxybenzoate,Cytosol
4hbz[m],4-Hydroxybenzoate,Mitochondria
4hbzcoa[m],4-hydroxybenoyl-CoA,Mitochondria
4hglusa[m],L-4-Hydroxyglutamate semialdehyde,Mitochondria
4hpro-LT[c],trans-4-Hydroxy-L-proline,Cytosol
4hpro-LT[m],trans-4-Hydroxy-L-proline,Mitochondria
4hthr[c],4-Hydroxy-L-threonine,Cytosol
4mhetz[c],4-Methyl-5-(2-hydroxyethyl)-thiazole,Cytosol
4mop[c],4-Methyl-2-oxopentanoate,Cytosol
4mop[m],4-Methyl-2-oxopentanoate,Mitochondria
4mpetz[c],4-Methyl-5-(2-phosphoethyl)-thiazole,Cytosol
4mzym[c],4-methylzymosterol,Cytosol
4mzym_int1[c],4-Methylzymosterol intermediate 1,Cytosol
4mzym_int2[c],4-Methylzymosterol intermediate 2,Cytosol
4pasp[c],4-Phospho-L-aspartate,Cytosol
4ppan[c],D-4'-Phosphopantothenate,Cytosol
4ppcys[c],N-((R)-4-Phosphopantothenoyl)-L-cysteine,Cytosol
4r5au[c],4-(1-D-Ribitylamino)-5-aminouracil,Cytosol
5aizc[c],5-amino-1-(5-phospho-D-ribosyl)imidazole-4-carboxylate,Cytosol
5aop[c],5-Amino-4-oxopentanoate,Cytosol
5aop[e],5-Amino-4-oxopentanoate,Extracellular
5aop[m],5-Amino-4-oxopentanoate,Mitochondria
5aprbu[c],5-Amino-6-(5'-phosphoribitylamino)uracil,Cytosol
5dpmev[c],(R)-5-Diphosphomevalonate,Cytosol
5fthf[c],5-Formyltetrahydrofolate,Cytosol
5fthf[m],5-Formyltetrahydrofolate,Mitochondria
5mdr1p[c],5-Methylthio-5-deoxy-D-ribose 1-phosphate,Cytosol
5mdru1p[c],5-Methylthio-5-deoxy-D-ribulose 1-phosphate,Cytosol
5mta[c],5-Methylthioadenosine,Cytosol
5mthf[c],5-Methyltetrahydrofolate,Cytosol
5pmev[c],(R)-5-Phosphomevalonate,Cytosol
6pgc[c],6-Phospho-D-gluconate,Cytosol
6pgl[c],"6-phospho-D-glucono-1,5-lactone",Cytosol
6pgl[r],"6-phospho-D-glucono-1,5-lactone",Endoplasmic reticulum
aacald[c],Aminoacetaldehyde,Cytosol
aacoa[c],Acetoacetyl-CoA,Cytosol
aacoa[m],Acetoacetyl-CoA,Mitochondria
abt[c],L-Arabinitol,Cytosol
abt[e],L-Arabinitol,Extracellular
ac[c],Acetate,Cytosol
ac[e],Acetate,Extracellular
ac[m],Acetate,Mitochondria
ac[x],Acetate,Peroxisome
acACP[c],Acetyl-ACP,Cytosol
acACP[m],Acetyl-ACP,Mitochondria
acald[c],Acetaldehyde,Cytosol
acald[e],Acetaldehyde,Extracellular
acald[m],Acetaldehyde,Mitochondria
accoa[c],Acetyl-CoA,Cytosol
accoa[m],Acetyl-CoA,Mitochondria
accoa[n],Acetyl-CoA,Nuclear
accoa[x],Acetyl-CoA,Peroxisome
aces[c],Acetic ester,Cytosol
acg5p[m],N-Acetyl-L-glutamyl 5-phosphate,Mitochondria
acg5sa[m],N-Acetyl-L-glutamate 5-semialdehyde,Mitochondria
acgam1p[c],N-Acetyl-D-glucosamine 1-phosphate,Cytosol
acgam6p[c],N-Acetyl-D-glucosamine 6-phosphate,Cytosol
acglu[m],N-Acetyl-L-glutamate,Mitochondria
achms[c],O-Acetyl-L-homoserine,Cytosol
acon5m[c],E-3-carboxyl-2-pentenedioate 5-methyl ester,Cytosol
acon-T[c],trans-Aconitate,Cytosol
acorn[m],N2-Acetyl-L-ornithine,Mitochondria
ACP[c],acyl carrier protein,Cytosol
ACP[m],acyl carrier protein,Mitochondria
acrn[c],O-Acetylcarnitine,Cytosol
acrn[m],O-Acetylcarnitine,Mitochondria
acrn[x],O-Acetylcarnitine,Peroxisome
acser[c],O-Acetyl-L-serine,Cytosol
actn-R[c],(R)-Acetoin,Cytosol
acybut[c],gamma-Amino-gamma-cyanobutanoate,Cytosol
ade[c],Adenine,Cytosol
ade[e],Adenine,Extracellular
ade[m],Adenine,Mitochondria
adn[c],Adenosine,Cytosol
adn[e],Adenosine,Extracellular
adn[m],Adenosine,Mitochondria
adp[c],ADP,Cytosol
adp[g],ADP,Golgi apparatus
adp[m],ADP,Mitochondria
adp[n],ADP,Nuclear
adp[v],ADP,Vacuolar
adp[x],ADP,Peroxisome
ahcys[c],S-Adenosyl-L-homocysteine,Cytosol
ahcys[m],S-Adenosyl-L-homocysteine,Mitochondria
ahdt[c],"2-Amino-4-hydroxy-6-(erythro-1,2,3-trihydroxypropyl)dihydropteridine triphosphate",Cytosol
aicar[c],5-Amino-1-(5-Phospho-D-ribosyl)imidazole-4-carboxamide,Cytosol
air[c],5-amino-1-(5-phospho-D-ribosyl)imidazole,Cytosol
akg[c],2-Oxoglutarate,Cytosol
akg[e],2-Oxoglutarate,Extracellular
akg[m],2-Oxoglutarate,Mitochondria
akg[n],2-Oxoglutarate,Nuclear
akg[x],2-Oxoglutarate,Peroxisome
ala-B[c],beta-Alanine,Cytosol
alac-S[m],(S)-2-Acetolactate,Mitochondria
ala-D[c],D-Alanine,Cytosol
ala-D[e],D-Alanine,Extracellular
ala-L[c],L-Alanine,Cytosol
ala-L[e],L-Alanine,Extracellular
ala-L[m],L-Alanine,Mitochondria
alatrna[c],L-Alanyl-tRNA(Ala),Cytosol
allphn[c],Allophanate,Cytosol
alltn[c],Allantoin,Cytosol
alltn[e],Allantoin,Extracellular
alltt[c],Allantoate,Cytosol
alltt[e],Allantoate,Extracellular
alpam[m],S-aminomethyldihydrolipoamide,Mitochondria
alpro[m],S-Aminomethyldihydrolipoylprotein,Mitochondria
amet[c],S-Adenosyl-L-methionine,Cytosol
amet[e],S-Adenosyl-L-methionine,Extracellular
amet[m],S-Adenosyl-L-methionine,Mitochondria
ametam[c],S-Adenosylmethioninamine,Cytosol
amp[c],AMP,Cytosol
amp[m],AMP,Mitochondria
amp[n],AMP,Nuclear
amp[x],AMP,Peroxisome
anth[c],Anthranilate,Cytosol
ap4a[c],"P1,P4-Bis(5'-adenosyl) tetraphosphate",Cytosol
ap4g[c],"P1-(5'-adenosyl),P4-(5'-guanosyl) tetraphosphate",Cytosol
apep[c],Nalpha-Acetylpeptide,Cytosol
aproa[c],3-Aminopropanal,Cytosol
aprop[c],alpha-Aminopropiononitrile,Cytosol
aprut[c],N-Acetylputrescine,Cytosol
aps[c],Adenosine 5'-phosphosulfate,Cytosol
arab-D[c],D-Arabinose,Cytosol
arab-L[c],L-Arabinose,Cytosol
arab-L[e],L-Arabinose,Extracellular
arg-L[c],L-Arginine,Cytosol
arg-L[e],L-Arginine,Extracellular
arg-L[m],L-Arginine,Mitochondria
arg-L[v],L-Arginine,Vacuolar
argsuc[c],N(omega)-(L-Arginino)succinate,Cytosol
argtrna[c],L-Arginyl-tRNA(Arg),Cytosol
argtrna[m],L-Arginyl-tRNA(Arg),Mitochondria
asn-L[c],L-Asparagine,Cytosol
asn-L[e],L-Asparagine,Extracellular
asn-L[m],L-Asparagine,Mitochondria
asn-L[v],L-Asparagine,Vacuolar
asntrna[c],L-Asparaginyl-tRNA(Asn),Cytosol
asntrna[m],L-Asparaginyl-tRNA(Asn),Mitochondria
asp-L[c],L-Aspartate,Cytosol
asp-L[e],L-Aspartate,Extracellular
asp-L[m],L-Aspartate,Mitochondria
asp-L[n],L-Aspartate,Nuclear
asp-L[v],L-Aspartate,Vacuolar
asp-L[x],L-Aspartate,Peroxisome
aspsa[c],L-Aspartate 4-semialdehyde,Cytosol
asptrna[c],L-Aspartyl-tRNA(Asp),Cytosol
asptrna[m],L-Aspartyl-tRNA(Asp),Mitochondria
athr-L[c],L-Allo-threonine,Cytosol
atp[c],ATP,Cytosol
atp[g],ATP,Golgi apparatus
atp[m],ATP,Mitochondria
atp[n],ATP,Nuclear
atp[v],ATP,Vacuolar
atp[x],ATP,Peroxisome
b124tc[m],"But-1-ene-1,2,4-tricarboxylate",Mitochondria
btamp[c],Biotinyl-5'-AMP,Cytosol
btd-RR[c],"(R,R)-2,3-Butanediol",Cytosol
btd-RR[e],"(R,R)-2,3-Butanediol",Extracellular
btn[c],Biotin,Cytosol
btn[e],Biotin,Extracellular
camp[c],cAMP,Cytosol
caphis[c],2-(3-Carboxy-3-aminopropyl)-L-histidine,Cytosol
cbasp[c],N-Carbamoyl-L-aspartate,Cytosol
cbp[c],Carbamoyl phosphate,Cytosol
cdp[c],CDP,Cytosol
cdp[n],CDP,Nuclear
cdpchol[c],CDPcholine,Cytosol
cdpdag_PP[c],"CDPdiacylglycerol, yeast-specific",Cytosol
cdpdag_PP[m],"CDPdiacylglycerol, yeast-specific",Mitochondria
cdpea[c],CDPethanolamine,Cytosol
cer1_24[c],Ceramide-1 (Sphinganine:n-C24:0),Cytosol
cer1_24[r],Ceramide-1 (Sphinganine:n-C24:0),Endoplasmic reticulum
cer1_26[c],Ceramide-1 (Sphinganine:n-C26:0),Cytosol
cer1_26[r],Ceramide-1 (Sphinganine:n-C26:0),Endoplasmic reticulum
cer2_24[c],Ceramide-2 (Phytosphingosine:n-C24:0),Cytosol
cer2'_24[c],Ceramide-2' (Sphinganine:n-C24:0OH),Cytosol
cer2_24[r],Ceramide-2 (Phytosphingosine:n-C24:0),Endoplasmic reticulum
cer2_26[c],Ceramide-2 (Phytosphingosine:n-C26:0),Cytosol
cer2'_26[c],Ceramide-2' (Sphinganine:n-C26:0OH),Cytosol
cer2_26[r],Ceramide-2 (Phytosphingosine:n-C26:0),Endoplasmic reticulum
cer3_24[c],Ceramide-3 (Phytosphingosine:n-C24:0OH),Cytosol
cer3_26[c],Ceramide-3 (Phytosphingosine:n-C26:0OH),Cytosol
cgly[c],Cys-Gly,Cytosol
ch4s[c],Methanethiol,Cytosol
chitin[c],Chitin (monomer),Cytosol
chitos[c],Chitosan,Cytosol
chol[c],Choline,Cytosol
chol[e],Choline,Extracellular
cholp[c],Choline phosphate,Cytosol
chor[c],chorismate,Cytosol
cit[c],Citrate,Cytosol
cit[e],Citrate,Extracellular
cit[m],Citrate,Mitochondria
cit[x],Citrate,Peroxisome
citr-L[c],L-Citrulline,Cytosol
clpn_PP[m],"Cardiolipin, yeast-specific",Mitochondria
cmaphis[c],2-[3-Carboxy-3-(methylammonio)propyl]-L-histidine,Cytosol
cmp[c],CMP,Cytosol
cmp[m],CMP,Mitochondria
cmusa[c],2-Amino-3-carboxymuconate semialdehyde,Cytosol
co2[c],CO2,Cytosol
co2[e],CO2,Extracellular
co2[g],CO2,Golgi apparatus
co2[m],CO2,Mitochondria
co2[n],CO2,Nuclear
co2[v],CO2,Vacuolar
co2[x],CO2,Peroxisome
coa[c],Coenzyme A,Cytosol
coa[m],Coenzyme A,Mitochondria
coa[n],Coenzyme A,Nuclear
coa[r],Coenzyme A,Endoplasmic reticulum
coa[x],Coenzyme A,Peroxisome
coucoa[m],p-coumaroyl-CoA,Mitochondria
cpppg3[c],Coproporphyrinogen III,Cytosol
crn[c],L-Carnitine,Cytosol
crn[e],L-Carnitine,Extracellular
crn[m],L-Carnitine,Mitochondria
crn[x],L-Carnitine,Peroxisome
csn[c],Cytosine,Cytosol
csn[e],Cytosine,Extracellular
ctp[c],CTP,Cytosol
ctp[m],CTP,Mitochondria
cys-L[c],L-Cysteine,Cytosol
cys-L[e],L-Cysteine,Extracellular
cyst-L[c],L-Cystathionine,Cytosol
cyst-L[x],L-Cystathionine,Peroxisome
cystrna[c],L-Cysteinyl-tRNA(Cys),Cytosol
cytd[c],Cytidine,Cytosol
cytd[e],Cytidine,Extracellular
dad-2[c],Deoxyadenosine,Cytosol
dad-2[e],Deoxyadenosine,Extracellular
dadp[c],dADP,Cytosol
dadp[n],dADP,Nuclear
dagpy_PP[c],"diacylglycerol pyrophosphate, yeast-specific",Cytosol
damp[c],dAMP,Cytosol
Dara14lac[c],"D-Arabinono-1,4-lactone",Cytosol
datp[c],dATP,Cytosol
db4p[c],"3,4-dihydroxy-2-butanone 4-phosphate",Cytosol
dc2coa[x],trans-Dec-2-enoyl-CoA,Peroxisome
dca[c],Decanoate (n-C10:0),Cytosol
dca[x],Decanoate (n-C10:0),Peroxisome
dcaACP[m],Decanoyl-ACP (n-C10:0ACP),Mitochondria
dcacoa[c],Decanoyl-CoA (n-C10:0CoA),Cytosol
dcacoa[x],Decanoyl-CoA (n-C10:0CoA),Peroxisome
dcamp[c],"N6-(1,2-Dicarboxyethyl)-AMP",Cytosol
dcdp[c],dCDP,Cytosol
dcdp[n],dCDP,Nuclear
dcmp[c],dCMP,Cytosol
dctp[c],dCTP,Cytosol
dcyt[c],Deoxycytidine,Cytosol
dcyt[e],Deoxycytidine,Extracellular
dd2coa[x],trans-Dodec-2-enoyl-CoA,Peroxisome
ddca[c],Dodecanoate (n-C12:0),Cytosol
ddca[x],Dodecanoate (n-C12:0),Peroxisome
ddcaACP[c],Dodecanoyl-ACP (n-C12:0ACP),Cytosol
ddcaACP[m],Dodecanoyl-ACP (n-C12:0ACP),Mitochondria
ddcacoa[c],Dodecanoyl-CoA (n-C12:0CoA),Cytosol
ddcacoa[x],Dodecanoyl-CoA (n-C12:0CoA),Peroxisome
dgdp[c],dGDP,Cytosol
dgdp[n],dGDP,Nuclear
dgmp[c],dGMP,Cytosol
dgsn[c],Deoxyguanosine,Cytosol
dgsn[e],Deoxyguanosine,Extracellular
dgtp[c],dGTP,Cytosol
dha[c],Dihydroxyacetone,Cytosol
dha[x],Dihydroxyacetone,Peroxisome
dhap[c],Dihydroxyacetone phosphate,Cytosol
dhap[m],Dihydroxyacetone phosphate,Mitochondria
dhf[c],"7,8-Dihydrofolate",Cytosol
dhf[m],"7,8-Dihydrofolate",Mitochondria
dhlam[m],Dihydrolipoamide,Mitochondria
dhlpro[m],Dihydrolipolprotein,Mitochondria
dhnpt[c],Dihydroneopterin,Cytosol
dhnpt[m],Dihydroneopterin,Mitochondria
dhor-S[c],(S)-Dihydroorotate,Cytosol
dhpmp[c],Dihydroneopterin monophosphate,Cytosol
dhpt[c],Dihydropteroate,Cytosol
dhpt[m],Dihydropteroate,Mitochondria
din[c],Deoxyinosine,Cytosol
din[e],Deoxyinosine,Extracellular
dkmpp[c],"2,3-diketo-5-methylthio-1-phosphopentane",Cytosol
dmlz[c],"6,7-Dimethyl-8-(1-D-ribityl)lumazine",Cytosol
dmpp[c],Dimethylallyl diphosphate,Cytosol
dnad[c],Deamino-NAD+,Cytosol
dnad[m],Deamino-NAD+,Mitochondria
dnad[n],Deamino-NAD+,Nuclear
dolichol[c],Dolichol,Cytosol
dolmanp[r],Dolichyl phosphate D-mannose,Endoplasmic reticulum
dolp[c],Dolichol phosphate,Cytosol
dolp[r],Dolichol phosphate,Endoplasmic reticulum
dpcoa[c],Dephospho-CoA,Cytosol
drib[c],Deoxyribose,Cytosol
dscl[c],dihydrosirohydrochlorin,Cytosol
dtbt[c],Dethiobiotin,Cytosol
dtdp[c],dTDP,Cytosol
dtmp[c],dTMP,Cytosol
dttp[c],dTTP,Cytosol
dttp[e],dTTP,Extracellular
dudp[c],dUDP,Cytosol
dudp[n],dUDP,Nuclear
dump[c],dUMP,Cytosol
dump[n],dUMP,Nuclear
duri[c],Deoxyuridine,Cytosol
duri[e],Deoxyuridine,Extracellular
dutp[c],dUTP,Cytosol
e4hglu[c],L-erythro-4-Hydroxyglutamate,Cytosol
e4hglu[m],L-erythro-4-Hydroxyglutamate,Mitochondria
e4hglu[x],L-erythro-4-Hydroxyglutamate,Peroxisome
e4p[c],D-Erythrose 4-phosphate,Cytosol
eig3p[c],D-erythro-1-(Imidazol-4-yl)glycerol 3-phosphate,Cytosol
epist[c],episterol,Cytosol
epist[e],episterol,Extracellular
epistest_PP[c],"episterol ester, yeast-specific",Cytosol
epistest_PP[e],"episterol ester, yeast-specific",Extracellular
ergst[c],Ergosterol,Cytosol
ergst[e],Ergosterol,Extracellular
ergst[r],Ergosterol,Endoplasmic reticulum
ergst3glc[c],ergosterol 3-beta-D-glucoside,Cytosol
ergstest_PP[c],"ergosterol ester, yeast-specific",Cytosol
ergstest_PP[e],"ergosterol ester, yeast-specific",Extracellular
ergtetrol[c],"Ergosta-5,7,22,24,(28)-tetraen-3beta-ol",Cytosol
ergtetrol[r],"Ergosta-5,7,22,24,(28)-tetraen-3beta-ol",Endoplasmic reticulum
ergtrol[c],"ergosta-5,7,24(28)-trienol",Cytosol
ertascb-D[c],D-erythro-Ascorbate,Cytosol
etha[c],Ethanolamine,Cytosol
etha[e],Ethanolamine,Extracellular
ethamp[c],Ethanolamine phosphate,Cytosol
etoh[c],Ethanol,Cytosol
etoh[e],Ethanol,Extracellular
etoh[m],Ethanol,Mitochondria
f1p[c],D-Fructose 1-phosphate,Cytosol
f26bp[c],"D-Fructose 2,6-bisphosphate",Cytosol
f6p[c],D-Fructose 6-phosphate,Cytosol
fad[c],Flavin adenine dinucleotide oxidized,Cytosol
fad[m],Flavin adenine dinucleotide oxidized,Mitochondria
fadh2[m],Flavin adenine dinucleotide reduced,Mitochondria
fald[c],Formaldehyde,Cytosol
fald[x],Formaldehyde,Peroxisome
fdp[c],"D-Fructose 1,6-bisphosphate",Cytosol
fe2[c],Fe2+,Cytosol
fe2[e],Fe2+,Extracellular
fe2[m],Fe2+,Mitochondria
fecost[c],fecosterol,Cytosol
fecost[e],fecosterol,Extracellular
fecostest_PP[c],"fecosterol ester, yeast-specific",Cytosol
fecostest_PP[e],"fecosterol ester, yeast-specific",Extracellular
fgam[c],N2-Formyl-N1-(5-phospho-D-ribosyl)glycinamide,Cytosol
ficytc[m],Ferricytochrome c,Mitochondria
fmettrna[m],N-Formylmethionyl-tRNA,Mitochondria
fmn[c],FMN,Cytosol
fmn[e],FMN,Extracellular
fmn[m],FMN,Mitochondria
focytc[m],Ferrocytochrome c,Mitochondria
formate[c],Formate,Cytosol
formate[e],Formate,Extracellular
formate[m],Formate,Mitochondria
fpram[c],2-(Formamido)-N1-(5-phospho-D-ribosyl)acetamidine,Cytosol
fprica[c],5-Formamido-1-(5-phospho-D-ribosyl)imidazole-4-carboxamide,Cytosol
frdp[c],Farnesyl diphosphate,Cytosol
frdp[m],Farnesyl diphosphate,Mitochondria
fru[c],D-Fructose,Cytosol
fru[e],D-Fructose,Extracellular
fum[c],Fumarate,Cytosol
fum[e],Fumarate,Extracellular
fum[m],Fumarate,Mitochondria
g1p[c],D-Glucose 1-phosphate,Cytosol
g3p[c],Glyceraldehyde 3-phosphate,Cytosol
g3p[x],Glyceraldehyde 3-phosphate,Peroxisome
g3pc[c],sn-Glycero-3-phosphocholine,Cytosol
g3pc[e],sn-Glycero-3-phosphocholine,Extracellular
g3pi[c],sn-Glycero-3-phospho-1-inositol,Cytosol
g3pi[e],sn-Glycero-3-phospho-1-inositol,Extracellular
g6p[c],D-Glucose 6-phosphate,Cytosol
g6p[r],D-Glucose 6-phosphate,Endoplasmic reticulum
g6p-B[c],beta-D-glucose 6-phosphate,Cytosol
gal[c],D-Galactose,Cytosol
gal[e],D-Galactose,Extracellular
gam1p[c],D-Glucosamine 1-phosphate,Cytosol
gam6p[c],D-Glucosamine 6-phosphate,Cytosol
gam6p[e],D-Glucosamine 6-phosphate,Extracellular
gar[c],N1-(5-Phospho-D-ribosyl)glycinamide,Cytosol
gcald[c],Glycolaldehyde,Cytosol
gcald[e],Glycolaldehyde,Extracellular
gcald[m],Glycolaldehyde,Mitochondria
gdp[c],GDP,Cytosol
gdp[g],GDP,Golgi apparatus
gdp[m],GDP,Mitochondria
gdp[n],GDP,Nuclear
gdpmann[c],GDP-D-mannose,Cytosol
gdpmann[g],GDP-D-mannose,Golgi apparatus
ggdp[c],Geranylgeranyl diphosphate,Cytosol
glc-D[c],D-Glucose,Cytosol
glc-D[e],D-Glucose,Extracellular
glc-D[v],D-Glucose,Vacuolar
gln-L[c],L-Glutamine,Cytosol
gln-L[e],L-Glutamine,Extracellular
gln-L[v],L-Glutamine,Vacuolar
glntrna[c],L-Glutaminyl-tRNA(Gln),Cytosol
glp[c],Glycylpeptide,Cytosol
glu5p[c],L-Glutamate 5-phosphate,Cytosol
glu5sa[c],L-Glutamate 5-semialdehyde,Cytosol
glu5sa[m],L-Glutamate 5-semialdehyde,Mitochondria
gluala[c],5-L-Glutamyl-L-alanine,Cytosol
glucys[c],gamma-L-Glutamyl-L-cysteine,Cytosol
glu-L[c],L-Glutamate,Cytosol
glu-L[e],L-Glutamate,Extracellular
glu-L[m],L-Glutamate,Mitochondria
glu-L[v],L-Glutamate,Vacuolar
glu-L[x],L-Glutamate,Peroxisome
glutrna[c],L-Glutamyl-tRNA(Glu),Cytosol
glutrna[m],L-Glutamyl-tRNA(Glu),Mitochondria
glx[c],Glyoxylate,Cytosol
glx[e],Glyoxylate,Extracellular
glx[x],Glyoxylate,Peroxisome
gly[c],Glycine,Cytosol
gly[e],Glycine,Extracellular
gly[m],Glycine,Mitochondria
glyald[c],D-Glyceraldehyde,Cytosol
glyc[c],Glycerol,Cytosol
glyc[e],Glycerol,Extracellular
glyc3p[c],Glycerol 3-phosphate,Cytosol
glyc3p[m],Glycerol 3-phosphate,Mitochondria
glycogen[c],glycogen,Cytosol
glycogen[v],glycogen,Vacuolar
glytrna[c],Glycyl-tRNA(Gly),Cytosol
gmp[c],GMP,Cytosol
gmp[g],GMP,Golgi apparatus
gp4g[c],"P1,P4-Bis(5'-guanosyl) tetraphosphate",Cytosol
grdp[c],Geranyl diphosphate,Cytosol
gsn[c],Guanosine,Cytosol
gsn[e],Guanosine,Extracellular
gsn[m],Guanosine,Mitochondria
gthox[c],Oxidized glutathione,Cytosol
gthox[e],Oxidized glutathione,Extracellular
gthox[m],Oxidized glutathione,Mitochondria
gthrd[c],Reduced glutathione,Cytosol
gthrd[e],Reduced glutathione,Extracellular
gthrd[m],Reduced glutathione,Mitochondria
gthrd[v],Reduced glutathione,Vacuolar
gtp[c],GTP,Cytosol
gtp[m],GTP,Mitochondria
gua[c],Guanine,Cytosol
gua[e],Guanine,Extracellular
gua[m],Guanine,Mitochondria
h[c],H+,Cytosol
h[e],H+,Extracellular
h[g],H+,Golgi apparatus
h[m],H+,Mitochondria
h[n],H+,Nuclear
h[r],H+,Endoplasmic reticulum
h[v],H+,Vacuolar
h[x],H+,Peroxisome
h2o[c],H2O,Cytosol
h2o[e],H2O,Extracellular
h2o[g],H2O,Golgi apparatus
h2o[m],H2O,Mitochondria
h2o[n],H2O,Nuclear
h2o[r],H2O,Endoplasmic reticulum
h2o[v],H2O,Vacuolar
h2o[x],H2O,Peroxisome
h2o2[c],Hydrogen peroxide,Cytosol
h2o2[m],Hydrogen peroxide,Mitochondria
h2o2[n],Hydrogen peroxide,Nuclear
h2o2[x],Hydrogen peroxide,Peroxisome
h2s[c],Hydrogen sulfide,Cytosol
hcit[m],"2-Hydroxybutane-1,2,4-tricarboxylate",Mitochondria
hcit[n],"2-Hydroxybutane-1,2,4-tricarboxylate",Nuclear
hco3[c],Bicarbonate,Cytosol
hco3[m],Bicarbonate,Mitochondria
hco3[n],Bicarbonate,Nuclear
hcys-L[c],L-Homocysteine,Cytosol
hcys-L[x],L-Homocysteine,Peroxisome
hdca[c],Hexadecanoate (n-C16:0),Cytosol
hdca[e],Hexadecanoate (n-C16:0),Extracellular
hdca[x],Hexadecanoate (n-C16:0),Peroxisome
hdcea[c],Hexadecenoate (n-C16:1),Cytosol
hdcea[e],Hexadecenoate (n-C16:1),Extracellular
hdcea[x],Hexadecenoate (n-C16:1),Peroxisome
hdcoa[c],Hexadecenoyl-CoA (n-C16:1CoA),Cytosol
hdcoa[x],Hexadecenoyl-CoA (n-C16:1CoA),Peroxisome
hdd2coa[x],trans-Hexadec-2-enoyl-CoA,Peroxisome
hdeACP[c],cis-hexadec-9-enoyl-[acyl-carrier protein] (n-C16:1),Cytosol
hdeACP[m],cis-hexadec-9-enoyl-[acyl-carrier protein] (n-C16:1),Mitochondria
hemeA[m],Heme A,Mitochondria
hemeO[m],Heme O,Mitochondria
hexc[c],hexacosanoate (n-C26:0),Cytosol
hexc[x],hexacosanoate (n-C26:0),Peroxisome
hexccoa[c],Hexacosanoyl-CoA (n-C26:0CoA),Cytosol
hexccoa[r],Hexacosanoyl-CoA (n-C26:0CoA),Endoplasmic reticulum
hexccoa[x],Hexacosanoyl-CoA (n-C26:0CoA),Peroxisome
hexdp[m],all-trans-Hexaprenyl diphosphate,Mitochondria
hicit[m],Homoisocitrate,Mitochondria
his-L[c],L-Histidine,Cytosol
his-L[e],L-Histidine,Extracellular
his-L[m],L-Histidine,Mitochondria
his-L[v],L-Histidine,Vacuolar
hisp[c],L-Histidinol phosphate,Cytosol
histd[c],L-Histidinol,Cytosol
histrna[c],L-Histidyl-tRNA(His),Cytosol
histrna[m],L-Histidyl-tRNA(His),Mitochondria
hLkynr[c],3-Hydroxy-L-kynurenine,Cytosol
hmbil[c],Hydroxymethylbilane,Cytosol
hmgcoa[c],Hydroxymethylglutaryl-CoA,Cytosol
hmgcoa[m],Hydroxymethylglutaryl-CoA,Mitochondria
hom-L[c],L-Homoserine,Cytosol
hpglu[c],Tetrahydropteroyltri-L-glutamate,Cytosol
hxan[c],Hypoxanthine,Cytosol
hxan[e],Hypoxanthine,Extracellular
hxc2coa[x],trans-Hexacos-2-enoyl-CoA,Peroxisome
hxdcal[c],Hexadecanal,Cytosol
iad[c],Indole-3-acetamide,Cytosol
iamac[c],isoamyl acetate,Cytosol
iamoh[c],Isoamyl alcohol,Cytosol
iamoh[e],Isoamyl alcohol,Extracellular
iamoh[m],Isoamyl alcohol,Mitochondria
ibutac[c],isobutyl acetate,Cytosol
ibutoh[c],isobutyl alcohol,Cytosol
ibutoh[e],isobutyl alcohol,Extracellular
ibutoh[m],isobutyl alcohol,Mitochondria
icit[c],Isocitrate,Cytosol
icit[m],Isocitrate,Mitochondria
icit[x],Isocitrate,Peroxisome
id3acald[c],Indole-3-acetaldehyde,Cytosol
id3acald[e],Indole-3-acetaldehyde,Extracellular
id3acald[m],Indole-3-acetaldehyde,Mitochondria
idp[c],IDP,Cytosol
idp[m],IDP,Mitochondria
ile-L[c],L-Isoleucine,Cytosol
ile-L[e],L-Isoleucine,Extracellular
ile-L[m],L-Isoleucine,Mitochondria
ile-L[v],L-Isoleucine,Vacuolar
iletrna[c],L-Isoleucyl-tRNA(Ile),Cytosol
iletrna[m],L-Isoleucyl-tRNA(Ile),Mitochondria
imacp[c],3-(Imidazol-4-yl)-2-oxopropyl phosphate,Cytosol
imp[c],IMP,Cytosol
ind3ac[c],Indole-3-acetate,Cytosol
ind3ac[m],Indole-3-acetate,Mitochondria
ind3acnl[c],Indole-3-acetonitrile,Cytosol
ind3eth[c],Indole-3-ethanol,Cytosol
ind3eth[e],Indole-3-ethanol,Extracellular
ind3eth[m],Indole-3-ethanol,Mitochondria
indpyr[c],Indolepyruvate,Cytosol
inost[c],myo-Inositol,Cytosol
inost[e],myo-Inositol,Extracellular
ins[c],Inosine,Cytosol
ins[e],Inosine,Extracellular
ipc124_PP[c],"Inositol phosphorylceramide, ceramide-1 (24C), yeast-specific",Cytosol
ipc126_PP[c],"Inositol phosphorylceramide, ceramide-1 (26C), yeast-specific",Cytosol
ipc224_PP[c],"Inositol phosphorylceramide, ceramide-2 (24C), yeast-specific",Cytosol
ipc226_PP[c],"Inositol phosphorylceramide, ceramide-2 (26C), yeast-specific",Cytosol
ipc324_PP[c],"Inositol phosphorylceramide, ceramide-3 (24C), yeast-specific",Cytosol
ipc326_PP[c],"Inositol phosphorylceramide, ceramide-3 (26C), yeast-specific",Cytosol
ipdp[c],Isopentenyl diphosphate,Cytosol
ipdp[m],Isopentenyl diphosphate,Mitochondria
itaccoa[m],Itaconyl-CoA,Mitochondria
itacon[m],Itaconate,Mitochondria
itp[c],ITP,Cytosol
itp[m],ITP,Mitochondria
L2aadp[c],L-2-Aminoadipate,Cytosol
L2aadp6sa[c],L-2-Aminoadipate 6-semialdehyde,Cytosol
lac-D[c],D-Lactate,Cytosol
lac-D[e],D-Lactate,Extracellular
lac-D[m],D-Lactate,Mitochondria
lac-L[c],L-Lactate,Cytosol
lac-L[e],L-Lactate,Extracellular
lald-L[c],L-Lactaldehyde,Cytosol
lanost[c],Lanosterol,Cytosol
lanost[e],Lanosterol,Extracellular
lanostest_PP[c],"lanosterol ester, yeast-specific",Cytosol
lanostest_PP[e],"lanosterol ester, yeast-specific",Extracellular
Lcystin[c],L-Cystine,Cytosol
Lcystin[v],L-Cystine,Vacuolar
leu-L[c],L-Leucine,Cytosol
leu-L[e],L-Leucine,Extracellular
leu-L[m],L-Leucine,Mitochondria
leu-L[v],L-Leucine,Vacuolar
leutrna[c],L-Leucyl-tRNA(Leu),Cytosol
leutrna[m],L-Leucyl-tRNA(Leu),Mitochondria
Lfmkynr[c],L-Formylkynurenine,Cytosol
lgt-S[c],(R)-S-Lactoylglutathione,Cytosol
lgt-S[m],(R)-S-Lactoylglutathione,Mitochondria
Lkynr[c],L-Kynurenine,Cytosol
lpam[m],Lipoamide,Mitochondria
lpro[m],Lipoylprotein,Mitochondria
lys-L[c],L-Lysine,Cytosol
lys-L[e],L-Lysine,Extracellular
lys-L[m],L-Lysine,Mitochondria
lys-L[v],L-Lysine,Vacuolar
lystrna[c],L-Lysine-tRNA (Lys),Cytosol
lystrna[m],L-Lysine-tRNA (Lys),Mitochondria
m2macchitppdol[g],(alpha-D-mannosyl)2-beta-D-mannosyl-diacetylchitobiosyldiphosphodolichol,Golgi apparatus
m3macchitppdol[g],(alpha-D-mannosyl)3-beta-D-mannosyl-diacetylchitodiphosphodolichol,Golgi apparatus
m4macchitppdol[g],(alpha-D-Mannosyl)4-beta-D-mannosyl-diacetylchitobiosyldiphosphodolichol,Golgi apparatus
malACP[c],Malonyl-[acyl-carrier protein],Cytosol
malACP[m],Malonyl-[acyl-carrier protein],Mitochondria
malcoa[c],Malonyl-CoA,Cytosol
malcoa[m],Malonyl-CoA,Mitochondria
mal-L[c],L-Malate,Cytosol
mal-L[e],L-Malate,Extracellular
mal-L[m],L-Malate,Mitochondria
mal-L[x],L-Malate,Peroxisome
malt[c],Maltose,Cytosol
malt[e],Maltose,Extracellular
man[c],D-Mannose,Cytosol
man[e],D-Mannose,Extracellular
man1p[c],D-Mannose 1-phosphate,Cytosol
man2mi1p-D[c],Mannose-(inositol-P)2,Cytosol
man6p[c],D-Mannose 6-phosphate,Cytosol
manmi1p-D[c],mannose-1D-myo-Inositol 1-phosphate,Cytosol
mannan[r],Mannan,Endoplasmic reticulum
methf[c],"5,10-Methenyltetrahydrofolate",Cytosol
methf[m],"5,10-Methenyltetrahydrofolate",Mitochondria
met-L[c],L-Methionine,Cytosol
met-L[e],L-Methionine,Extracellular
met-L[m],L-Methionine,Mitochondria
metoh[c],Methanol,Cytosol
metoh[e],Methanol,Extracellular
metoh[x],Methanol,Peroxisome
mettrna[c],L-Methionyl-tRNA (Met),Cytosol
mettrna[m],L-Methionyl-tRNA (Met),Mitochondria
mev-R[c],(R)-Mevalonate,Cytosol
mhpglu[c],5-Methyltetrahydropteroyltri-L-glutamate,Cytosol
mi13456p[c],"1D-myo-Inositol 1,3,4,5,6-pentakisphosphate",Cytosol
mi13456p[n],"1D-myo-Inositol 1,3,4,5,6-pentakisphosphate",Nuclear
mi1345p[n],"1D-myo-Inositol 1,3,4,5-tetrakisphosphate",Nuclear
mi1456p[n],"1D-myo-Inositol 1,4,5,6-tetrakisphosphate",Nuclear
mi145p[c],"1D-myo-Inositol 1,4,5-trisphosphate",Cytosol
mi145p[n],"1D-myo-Inositol 1,4,5-trisphosphate",Nuclear
mi1p-D[c],1D-myo-Inositol 1-phosphate,Cytosol
micit[m],methylisocitrate,Mitochondria
minohp[c],myo-Inositol hexakisphosphate,Cytosol
minohp[n],myo-Inositol hexakisphosphate,Nuclear
mip2c124_PP[c],"mannose-(inositol-P)2-ceramide, ceramide-1 (24C), yeast-specific",Cytosol
mip2c126_PP[c],"mannose-(inositol-P)2-ceramide, ceramide-1 (26C), yeast-specific",Cytosol
mip2c224_PP[c],"mannose-(inositol-P)2-ceramide, ceramide-2 (24C), yeast-specific",Cytosol
mip2c226_PP[c],"mannose-(inositol-P)2-ceramide, ceramide-2 (26C), yeast-specific",Cytosol
mip2c324_PP[c],"mannose-(inositol-P)2-ceramide, ceramide-3 (24C), yeast-specific",Cytosol
mip2c326_PP[c],"mannose-(inositol-P)2-ceramide, ceramide-3 (26C), yeast-specific",Cytosol
mipc124_PP[c],"mannose-inositol phosphorylceramide, ceramide-1 (24C), yeast-specific",Cytosol
mipc126_PP[c],"mannose-inositol phosphorylceramide, ceramide-1 (26C), yeast-specific",Cytosol
mipc224_PP[c],"mannose-inositol phosphorylceramide, ceramide-2 (24C), yeast-specific",Cytosol
mipc226_PP[c],"mannose-inositol phosphorylceramide, ceramide-2 (26C), yeast-specific",Cytosol
mipc324_PP[c],"mannose-inositol phosphorylceramide, ceramide-3 (24C), yeast-specific",Cytosol
mipc326_PP[c],"mannose-inositol phosphorylceramide, ceramide-3 (26C)",Cytosol
mlthf[c],"5,10-Methylenetetrahydrofolate",Cytosol
mlthf[m],"5,10-Methylenetetrahydrofolate",Mitochondria
mmet[c],S-Methyl-L-methionine,Cytosol
mmet[e],S-Methyl-L-methionine,Extracellular
mnt[c],Mannitol,Cytosol
mnt[e],Mannitol,Extracellular
mnt1p[c],Mannitol-1-phosphate,Cytosol
mthgxl[c],Methylglyoxal,Cytosol
myrsACP[c],Myristoyl-ACP (n-C14:0ACP),Cytosol
myrsACP[m],Myristoyl-ACP (n-C14:0ACP),Mitochondria
N1aspmd[c],N1-Acetylspermidine,Cytosol
N1sprm[c],N1-Acetylspermine,Cytosol
na1[c],Sodium,Cytosol
na1[e],Sodium,Extracellular
nac[c],Nicotinate,Cytosol
nac[e],Nicotinate,Extracellular
nac[m],Nicotinate,Mitochondria
nad[c],Nicotinamide adenine dinucleotide,Cytosol
nad[m],Nicotinamide adenine dinucleotide,Mitochondria
nad[n],Nicotinamide adenine dinucleotide,Nuclear
nad[r],Nicotinamide adenine dinucleotide,Endoplasmic reticulum
nad[x],Nicotinamide adenine dinucleotide,Peroxisome
nadh[c],Nicotinamide adenine dinucleotide - reduced,Cytosol
nadh[m],Nicotinamide adenine dinucleotide - reduced,Mitochondria
nadh[r],Nicotinamide adenine dinucleotide - reduced,Endoplasmic reticulum
nadh[x],Nicotinamide adenine dinucleotide - reduced,Peroxisome
nadp[c],Nicotinamide adenine dinucleotide phosphate,Cytosol
nadp[e],Nicotinamide adenine dinucleotide phosphate,Extracellular
nadp[m],Nicotinamide adenine dinucleotide phosphate,Mitochondria
nadp[r],Nicotinamide adenine dinucleotide phosphate,Endoplasmic reticulum
nadp[x],Nicotinamide adenine dinucleotide phosphate,Peroxisome
nadph[c],Nicotinamide adenine dinucleotide phosphate - reduced,Cytosol
nadph[m],Nicotinamide adenine dinucleotide phosphate - reduced,Mitochondria
nadph[r],Nicotinamide adenine dinucleotide phosphate - reduced,Endoplasmic reticulum
nadph[x],Nicotinamide adenine dinucleotide phosphate - reduced,Peroxisome
Nbfortyr[c],"N,N-bisformyl-dityrosine",Cytosol
Nbfortyr[e],"N,N-bisformyl-dityrosine",Extracellular
ncam[c],Nicotinamide,Cytosol
ncam[m],Nicotinamide,Mitochondria
Nfortyr[c],N-Formyl-L-tyrosine,Cytosol
nh4[c],Ammonium,Cytosol
nh4[e],Ammonium,Extracellular
nh4[m],Ammonium,Mitochondria
nh4[n],Ammonium,Nuclear
nh4[x],Ammonium,Peroxisome
nicrnt[c],Nicotinate D-ribonucleotide,Cytosol
nicrnt[m],Nicotinate D-ribonucleotide,Mitochondria
nmn[c],NMN,Cytosol
nmn[e],NMN,Extracellular
nmn[m],NMN,Mitochondria
NPmehis[c],N(pai)-Methyl-L-histidine,Cytosol
o2[c],O2,Cytosol
o2[e],O2,Extracellular
o2[m],O2,Mitochondria
o2[r],O2,Endoplasmic reticulum
o2[x],O2,Peroxisome
oaa[c],Oxaloacetate,Cytosol
oaa[e],Oxaloacetate,Extracellular
oaa[m],Oxaloacetate,Mitochondria
oaa[x],Oxaloacetate,Peroxisome
ocACP[m],Octanoyl-ACP (n-C8:0ACP),Mitochondria
occoa[c],Octanoyl-CoA (n-C8:0CoA),Cytosol
occoa[x],Octanoyl-CoA (n-C8:0CoA),Peroxisome
ocdca[c],octadecanoate (n-C18:0),Cytosol
ocdca[e],octadecanoate (n-C18:0),Extracellular
ocdca[x],octadecanoate (n-C18:0),Peroxisome
ocdcaACP[c],Octadecanoyl-ACP (n-C18:0ACP),Cytosol
ocdcaACP[m],Octadecanoyl-ACP (n-C18:0ACP),Mitochondria
ocdcea[c],octadecenoate (n-C18:1),Cytosol
ocdcea[e],octadecenoate (n-C18:1),Extracellular
ocdcya[c],octadecadienoate (n-C18:2),Cytosol
ocdcya[e],octadecadienoate (n-C18:2),Extracellular
ocdcyaACP[c],Octadecynoyl-ACP (n-C18:2ACP),Cytosol
ocdcyaACP[m],Octadecynoyl-ACP (n-C18:2ACP),Mitochondria
ocdycacoa[c],Octadecynoyl-CoA (n-C18:2CoA),Cytosol
ocdycacoa[x],Octadecynoyl-CoA (n-C18:2CoA),Peroxisome
octa[c],octanoate (n-C8:0),Cytosol
octa[x],octanoate (n-C8:0),Peroxisome
octeACP[c],cis-octadec-11-enoyl-[acyl-carrier protein] (n-C18:1),Cytosol
octeACP[m],cis-octadec-11-enoyl-[acyl-carrier protein] (n-C18:1),Mitochondria
od2coa[x],trans-Octadec-2-enoyl-CoA,Peroxisome
odecoa[c],Octadecenoyl-CoA (n-C18:1CoA),Cytosol
odecoa[x],Octadecenoyl-CoA (n-C18:1CoA),Peroxisome
oh1[c],hydroxide ion,Cytosol
oh1[m],hydroxide ion,Mitochondria
ohpb[c],2-Oxo-3-hydroxy-4-phosphobutanoate,Cytosol
orn[c],Ornithine,Cytosol
orn[e],Ornithine,Extracellular
orn[m],Ornithine,Mitochondria
orot[c],Orotate,Cytosol
orot5p[c],Orotidine 5'-phosphate,Cytosol
oxag[c],Oxaloglutarate,Cytosol
oxag[m],Oxaloglutarate,Mitochondria
pa_PP[c],"Phosphatidate, yeast-specific",Cytosol
pa_PP[m],"Phosphatidate, yeast-specific",Mitochondria
pac[c],Phenylacetic acid,Cytosol
pacald[c],Phenylacetaldehyde,Cytosol
pacald[e],Phenylacetaldehyde,Extracellular
pacald[m],Phenylacetaldehyde,Mitochondria
pad[c],2-Phenylacetamide,Cytosol
palmACP[c],Palmitoyl-ACP (n-C16:0ACP),Cytosol
palmACP[m],Palmitoyl-ACP (n-C16:0ACP),Mitochondria
pan4p[c],Pantetheine 4'-phosphate,Cytosol
pan4p[x],Pantetheine 4'-phosphate,Peroxisome
pant-R[c],(R)-Pantoate,Cytosol
pant-R[m],(R)-Pantoate,Mitochondria
pap[c],"Adenosine 3',5'-bisphosphate",Cytosol
pap[e],"Adenosine 3',5'-bisphosphate",Extracellular
pap[x],"Adenosine 3',5'-bisphosphate",Peroxisome
paps[c],3'-Phosphoadenylyl sulfate,Cytosol
pc_PP[c],"Phosphatidylcholine, yeast-specific",Cytosol
pc_PP[e],"Phosphatidylcholine, yeast-specific",Extracellular
pdx5p[c],Pyridoxine 5'-phosphate,Cytosol
pe_PP[c],"phosphatidylethanolamine, yeast-specific",Cytosol
pe_PP[g],"phosphatidylethanolamine, yeast-specific",Golgi apparatus
pe_PP[m],"phosphatidylethanolamine, yeast-specific",Mitochondria
pe_PP[v],"phosphatidylethanolamine, yeast-specific",Vacuolar
pendp[c],all-trans-Pentaprenyl diphosphate,Cytosol
pendp[m],all-trans-Pentaprenyl diphosphate,Mitochondria
pep[c],Phosphoenolpyruvate,Cytosol
pep[m],Phosphoenolpyruvate,Mitochondria
pepd[c],peptide,Cytosol
pg_PP[m],"Phosphatidylglycerol, yeast-specific",Mitochondria
pgp_PP[m],"Phosphatidylglycerophosphate, yeast-specific",Mitochondria
phe-D[c],D-Phenylalanine,Cytosol
phe-D[e],D-Phenylalanine,Extracellular
phe-L[c],L-Phenylalanine,Cytosol
phe-L[e],L-Phenylalanine,Extracellular
phe-L[m],L-Phenylalanine,Mitochondria
pheme[m],Protoheme,Mitochondria
phetrna[c],L-Phenylalanyl-tRNA(Phe),Cytosol
phetrna[m],L-Phenylalanyl-tRNA(Phe),Mitochondria
phom[c],O-Phospho-L-homoserine,Cytosol
phpyr[c],Phenylpyruvate,Cytosol
phthr[c],O-Phospho-4-hydroxy-L-threonine,Cytosol
pi[c],Phosphate,Cytosol
pi[e],Phosphate,Extracellular
pi[g],Phosphate,Golgi apparatus
pi[m],Phosphate,Mitochondria
pi[r],Phosphate,Endoplasmic reticulum
pi[v],Phosphate,Vacuolar
pi[x],Phosphate,Peroxisome
pmtcoa[c],Palmitoyl-CoA (n-C16:0CoA),Cytosol
pmtcoa[x],Palmitoyl-CoA (n-C16:0CoA),Peroxisome
pnto-R[c],(R)-Pantothenate,Cytosol
pnto-R[e],(R)-Pantothenate,Extracellular
ppbng[c],Porphobilinogen,Cytosol
ppcoa[m],Propanoyl-CoA,Mitochondria
pphn[c],Prephenate,Cytosol
ppi[c],Diphosphate,Cytosol
ppi[m],Diphosphate,Mitochondria
ppi[n],Diphosphate,Nuclear
ppi[x],Diphosphate,Peroxisome
ppmi12346p[c],5-Diphosphoinositol pentakisphosphate,Cytosol
ppmi1346p[c],Diphosphoinositol tetrakisphosphate,Cytosol
ppp9[m],Protoporphyrin,Mitochondria
pppg9[c],Protoporphyrinogen IX,Cytosol
pppg9[m],Protoporphyrinogen IX,Mitochondria
pram[c],5-Phospho-beta-D-ribosylamine,Cytosol
pran[c],N-(5-Phospho-D-ribosyl)anthranilate,Cytosol
prbamp[c],1-(5-Phosphoribosyl)-AMP,Cytosol
prbatp[c],1-(5-Phosphoribosyl)-ATP,Cytosol
prfp[c],1-(5-Phosphoribosyl)-5-[(5-phosphoribosylamino)methylideneamino]imidazole-4-carboxamide,Cytosol
prlp[c],5-[(5-phospho-1-deoxyribulos-1-ylamino)methylideneamino]-1-(5-phosphoribosyl)imidazole-4-carboxamide,Cytosol
pro-L[c],L-Proline,Cytosol
pro-L[e],L-Proline,Extracellular
pro-L[m],L-Proline,Mitochondria
protrna[c],L-Prolyl-tRNA(Pro),Cytosol
prpp[c],5-Phospho-alpha-D-ribose 1-diphosphate,Cytosol
prpp[m],5-Phospho-alpha-D-ribose 1-diphosphate,Mitochondria
ps_PP[c],"phosphatidylserine, yeast-specific",Cytosol
ps_PP[g],"phosphatidylserine, yeast-specific",Golgi apparatus
ps_PP[m],"phosphatidylserine, yeast-specific",Mitochondria
ps_PP[v],"phosphatidylserine, yeast-specific",Vacuolar
psd5p[c],Pseudouridine 5'-phosphate,Cytosol
pser-L[c],O-Phospho-L-serine,Cytosol
psph1p[c],Phytosphingosine 1-phosphate,Cytosol
psph1p[r],Phytosphingosine 1-phosphate,Endoplasmic reticulum
psphings[c],Phytosphingosine,Cytosol
psphings[r],Phytosphingosine,Endoplasmic reticulum
ptd135bp_PP[c],"1-Phosphatidyl-D-myo-inositol 3,5-bisphosphate, yeast-specific",Cytosol
ptd145bp_PP[c],"1-Phosphatidyl-D-myo-inositol 4,5-bisphosphate, yeast-specific",Cytosol
ptd1ino_PP[c],"phosphatidyl-1D-myo-inositol, yeast-specific",Cytosol
ptd1ino_PP[e],"phosphatidyl-1D-myo-inositol, yeast-specific",Extracellular
ptd1ino_PP[n],"phosphatidyl-1D-myo-inositol, yeast-specific",Nuclear
ptd2meeta_PP[c],Phosphatidyl-N-dimethylethanolamine,Cytosol
ptd3ino_PP[c],"phosphatidyl-1D-myo-3-inositol, yeast-specific",Cytosol
ptd4ino_PP[c],"phosphatidyl-1D-myo-4-inositol, yeast specific",Cytosol
ptd4ino_PP[n],"phosphatidyl-1D-myo-4-inositol, yeast specific",Nuclear
ptdmeeta_PP[c],"Phosphatidyl-N-methylethanolamine, yeast-specific",Cytosol
ptrc[c],Putrescine,Cytosol
ptrc[e],Putrescine,Extracellular
pyam5p[c],Pyridoxamine 5'-phosphate,Cytosol
pydam[c],Pyridoxamine,Cytosol
pydx[c],Pyridoxal,Cytosol
pydx5p[c],Pyridoxal 5'-phosphate,Cytosol
pydxn[c],Pyridoxine,Cytosol
pyr[c],Pyruvate,Cytosol
pyr[e],Pyruvate,Extracellular
pyr[m],Pyruvate,Mitochondria
pyr[x],Pyruvate,Peroxisome
q6[m],Ubiquinone-6,Mitochondria
q6h2[m],Ubiquinol-6,Mitochondria
quln[c],Quinolinate,Cytosol
quln[m],Quinolinate,Mitochondria
r1p[c],alpha-D-Ribose 1-phosphate,Cytosol
r1p[m],alpha-D-Ribose 1-phosphate,Mitochondria
r5p[c],alpha-D-Ribose 5-phosphate,Cytosol
rib-D[c],D-Ribose,Cytosol
rib-D[e],D-Ribose,Extracellular
ribflv[c],Riboflavin,Cytosol
ribflv[e],Riboflavin,Extracellular
ribflv[m],Riboflavin,Mitochondria
rnam[c],N-Ribosylnicotinamide,Cytosol
ru5p-D[c],D-Ribulose 5-phosphate,Cytosol
s[c],Sulfur,Cytosol
s17bp[c],"Sedoheptulose 1,7-bisphosphate",Cytosol
s7p[c],Sedoheptulose 7-phosphate,Cytosol
saccrp-L[c],L-Saccharopine,Cytosol
sbt-D[c],D-Sorbitol,Cytosol
sbt-D[e],D-Sorbitol,Extracellular
sbt-L[c],L-Sorbitol,Cytosol
sbt-L[e],L-Sorbitol,Extracellular
scl[c],sirohydrochlorin,Cytosol
sdhlam[m],S-Succinyldihydrolipoamide,Mitochondria
ser-L[c],L-Serine,Cytosol
ser-L[e],L-Serine,Extracellular
ser-L[m],L-Serine,Mitochondria
sertrna[c],L-Seryl-tRNA(Ser),Cytosol
Sfglutth[c],S-Formylglutathione,Cytosol
sheme[c],Siroheme,Cytosol
skm[c],Shikimate,Cytosol
skm5p[c],Shikimate 5-phosphate,Cytosol
so3[c],Sulfite,Cytosol
so3[e],Sulfite,Extracellular
so4[c],Sulfate,Cytosol
so4[e],Sulfate,Extracellular
sph1p[c],Sphinganine 1-phosphate,Cytosol
sph1p[r],Sphinganine 1-phosphate,Endoplasmic reticulum
sphgn[c],Sphinganine,Cytosol
sphgn[r],Sphinganine,Endoplasmic reticulum
spmd[c],Spermidine,Cytosol
spmd[e],Spermidine,Extracellular
sprm[c],Spermine,Cytosol
sprm[e],Spermine,Extracellular
sql[c],Squalene,Cytosol
sql[r],Squalene,Endoplasmic reticulum
srb-L[c],L-Sorbose,Cytosol
srb-L[e],L-Sorbose,Extracellular
Ssq23epx[c],"(S)-Squalene-2,3-epoxide",Cytosol
Ssq23epx[r],"(S)-Squalene-2,3-epoxide",Endoplasmic reticulum
stcoa[c],Stearoyl-CoA (n-C18:0CoA),Cytosol
stcoa[x],Stearoyl-CoA (n-C18:0CoA),Peroxisome
succ[c],Succinate,Cytosol
succ[e],Succinate,Extracellular
succ[m],Succinate,Mitochondria
succoa[m],Succinyl-CoA,Mitochondria
sucsal[c],Succinic semialdehyde,Cytosol
T4hcinnm[m],trans-4-Hydroxycinnamate,Mitochondria
tag6p-D[c],D-Tagatose 6-phosphate,Cytosol
tagdp-D[c],"D-Tagatose 1,6-biphosphate",Cytosol
taur[c],Taurine,Cytosol
tchola[c],taurocholic acid,Cytosol
tchola[v],taurocholic acid,Vacuolar
td2coa[x],trans-Tetradec-2-enoyl-CoA,Peroxisome
tdcoa[c],Tetradecanoyl-CoA (n-C14:0CoA),Cytosol
tdcoa[x],Tetradecanoyl-CoA (n-C14:0CoA),Peroxisome
tdeACP[c],cis-tetradec-7-enoyl-[acyl-carrier protein] (n-C14:1),Cytosol
tdeACP[m],cis-tetradec-7-enoyl-[acyl-carrier protein] (n-C14:1),Mitochondria
tdecoa[c],Tetradecenoyl-CoA (n-C14:1CoA),Cytosol
tdecoa[x],Tetradecenoyl-CoA (n-C14:1CoA),Peroxisome
tglp[c],N-Tetradecanoylglycylpeptide,Cytosol
thf[c],"5,6,7,8-Tetrahydrofolate",Cytosol
thf[m],"5,6,7,8-Tetrahydrofolate",Mitochondria
thfglu[c],Tetrahydrofolyl-[Glu](2),Cytosol
thm[c],Thiamin,Cytosol
thm[e],Thiamin,Extracellular
thmmp[c],Thiamin monophosphate,Cytosol
thmmp[e],Thiamin monophosphate,Extracellular
thmpp[c],Thiamine diphosphate,Cytosol
thmpp[e],Thiamine diphosphate,Extracellular
thmpp[m],Thiamine diphosphate,Mitochondria
thmtp[c],Thiamin triphosphate,Cytosol
thr-L[c],L-Threonine,Cytosol
thr-L[e],L-Threonine,Extracellular
thr-L[m],L-Threonine,Mitochondria
thrtrna[c],L-Threonyl-tRNA(Thr),Cytosol
thrtrna[m],L-Threonyl-tRNA(Thr),Mitochondria
thym[c],Thymine,Cytosol
thym[e],Thymine,Extracellular
thymd[c],Thymidine,Cytosol
thymd[e],Thymidine,Extracellular
trdox[c],Oxidized thioredoxin,Cytosol
trdox[m],Oxidized thioredoxin,Mitochondria
trdox[n],Oxidized thioredoxin,Nuclear
trdox[x],Oxidized thioredoxin,Peroxisome
trdrd[c],Reduced thioredoxin,Cytosol
trdrd[m],Reduced thioredoxin,Mitochondria
trdrd[n],Reduced thioredoxin,Nuclear
trdrd[x],Reduced thioredoxin,Peroxisome
tre[c],Trehalose,Cytosol
tre[e],Trehalose,Extracellular
tre[v],Trehalose,Vacuolar
tre6p[c],"alpha,alpha'-Trehalose 6-phosphate",Cytosol
triglyc_PP[c],"triglyceride, yeast-specific",Cytosol
trnaala[c],tRNA(Ala),Cytosol
trnaarg[c],tRNA(Arg),Cytosol
trnaarg[m],tRNA(Arg),Mitochondria
trnaasn[c],tRNA(Asn),Cytosol
trnaasn[m],tRNA(Asn),Mitochondria
trnaasp[c],tRNA(Asp),Cytosol
trnaasp[m],tRNA(Asp),Mitochondria
trnacys[c],tRNA(Cys),Cytosol
trnagln[c],tRNA(Gln),Cytosol
trnaglu[c],tRNA (Glu),Cytosol
trnaglu[m],tRNA (Glu),Mitochondria
trnagly[c],tRNA(Gly),Cytosol
trnahis[c],tRNA(His),Cytosol
trnahis[m],tRNA(His),Mitochondria
trnaile[c],tRNA(Ile),Cytosol
trnaile[m],tRNA(Ile),Mitochondria
trnaleu[c],tRNA(Leu),Cytosol
trnaleu[m],tRNA(Leu),Mitochondria
trnalys[c],tRNA(Lys),Cytosol
trnalys[m],tRNA(Lys),Mitochondria
trnamet[c],tRNA(Met),Cytosol
trnamet[m],tRNA(Met),Mitochondria
trnaphe[c],tRNA(Phe),Cytosol
trnaphe[m],tRNA(Phe),Mitochondria
trnapro[c],tRNA(Pro),Cytosol
trnaser[c],tRNA(Ser),Cytosol
trnathr[c],tRNA(Thr),Cytosol
trnathr[m],tRNA(Thr),Mitochondria
trnatrp[c],tRNA(Trp),Cytosol
trnatrp[m],tRNA(Trp),Mitochondria
trnatyr[c],tRNA(Tyr),Cytosol
trnatyr[m],tRNA(Tyr),Mitochondria
trnaval[c],tRNA(Val),Cytosol
trnaval[m],tRNA(Val),Mitochondria
trp-L[c],L-Tryptophan,Cytosol
trp-L[e],L-Tryptophan,Extracellular
trp-L[m],L-Tryptophan,Mitochondria
trptrna[c],L-Tryptophanyl-tRNA(Trp),Cytosol
trptrna[m],L-Tryptophanyl-tRNA(Trp),Mitochondria
ttc[c],tetracosanoate (n-C24:0),Cytosol
ttc[x],tetracosanoate (n-C24:0),Peroxisome
ttccoa[c],tetracosanoyl-CoA  (n-C24:0CoA),Cytosol
ttccoa[r],tetracosanoyl-CoA  (n-C24:0CoA),Endoplasmic reticulum
ttccoa[x],tetracosanoyl-CoA  (n-C24:0CoA),Peroxisome
ttdca[c],tetradecanoate (n-C14:0),Cytosol
ttdca[e],tetradecanoate (n-C14:0),Extracellular
ttdca[x],tetradecanoate (n-C14:0),Peroxisome
ttdcea[c],tetradecenoate (n-C14:1),Cytosol
ttdcea[x],tetradecenoate (n-C14:1),Peroxisome
tyr-L[c],L-Tyrosine,Cytosol
tyr-L[e],L-Tyrosine,Extracellular
tyr-L[m],L-Tyrosine,Mitochondria
tyr-L[v],L-Tyrosine,Vacuolar
tyr-L[x],L-Tyrosine,Peroxisome
tyrtrna[c],L-Tyrosyl-tRNA(Tyr),Cytosol
tyrtrna[m],L-Tyrosyl-tRNA(Tyr),Mitochondria
udp[c],UDP,Cytosol
udp[n],UDP,Nuclear
udpacgal[c],UDP-N-acetyl-D-galactosamine,Cytosol
udpg[c],UDPglucose,Cytosol
udpgal[c],UDPgalactose,Cytosol
udpgal[g],UDPgalactose,Golgi apparatus
ump[c],UMP,Cytosol
ump[m],UMP,Mitochondria
ump[n],UMP,Nuclear
uppg3[c],Uroporphyrinogen III,Cytosol
ura[c],Uracil,Cytosol
ura[e],Uracil,Extracellular
urdglyc[c],(-)-Ureidoglycolate,Cytosol
urea[c],Urea,Cytosol
urea[e],Urea,Extracellular
uri[c],Uridine,Cytosol
uri[e],Uridine,Extracellular
utp[c],UTP,Cytosol
utp[m],UTP,Mitochondria
val-L[c],L-Valine,Cytosol
val-L[e],L-Valine,Extracellular
val-L[m],L-Valine,Mitochondria
valtrna[c],L-Valyl-tRNA(Val),Cytosol
valtrna[m],L-Valyl-tRNA(Val),Mitochondria
xan[c],Xanthine,Cytosol
xan[e],Xanthine,Extracellular
xmp[c],Xanthosine 5'-phosphate,Cytosol
xtsn[c],Xanthosine,Cytosol
xtsn[e],Xanthosine,Extracellular
xu5p-D[c],D-Xylulose 5-phosphate,Cytosol
xu5p-D[x],D-Xylulose 5-phosphate,Peroxisome
xyl-D[c],D-Xylose,Cytosol
xyl-D[e],D-Xylose,Extracellular
xylt[c],Xylitol,Cytosol
xylt[e],Xylitol,Extracellular
xylu-D[c],D-Xylulose,Cytosol
zym_int1[c],zymosterol intermediate 1,Cytosol
zym_int2[c],zymosterol intermediate 2,Cytosol
zymst[c],zymosterol,Cytosol
zymst[e],zymosterol,Extracellular
zymstest_PP[c],"zymosterol ester, yeast-specific",Cytosol
zymstest_PP[e],"zymosterol ester, yeast-specific",Extracellular
