"Metabolite Abbreviation","Metabolite description","Neutral metabolite formula"
"10fthf","10-Formyltetrahydrofolate","C20H21N7O7"
"12dgr120","1,2-Diacyl-sn-glycerol (didodecanoyl, n-C12:0)","C27H52O5"
"12dgr140","1,2-Diacyl-sn-glycerol (ditetradecanoyl, n-C14:0)","C31H60O5"
"12dgr141","1,2-Diacyl-sn-glycerol (ditetradec-7-enoyl, n-C14:1)","C31H56O5"
"12dgr160","1,2-Diacyl-sn-glycerol (dihexadecanoyl, n-C16:0)","C35H68O5"
"12dgr161","1,2-Diacyl-sn-glycerol (dihexadec-9-enoyl, n-C16:1)","C35H64O5"
"12dgr180","1,2-Diacyl-sn-glycerol (dioctadecanoyl, n-C18:0)","C39H76O5"
"12dgr181","1,2-Diacyl-sn-glycerol (dioctadec-11-enoyl, n-C18:1)","C39H72O5"
"12ppd-R","(R)-Propane-1,2-diol","C3H8O2"
"12ppd-S","(S)-Propane-1,2-diol","C3H8O2"
"13dpg","3-Phospho-D-glyceroyl phosphate","C3H4O10P2"
"14glucan","1,4-alpha-D-glucan","C36H62O31"
"15dap","1,5-Diaminopentane","C5H16N2"
"1agpe120","1-Acyl-sn-glycero-3-phosphoethanolamine (n-C12:0)","C17H36NO7P1"
"1agpe140","1-Acyl-sn-glycero-3-phosphoethanolamine (n-C14:0)","C19H40NO7P1"
"1agpe141","1-Acyl-sn-glycero-3-phosphoethanolamine (n-C14:1)","C19H38NO7P1"
"1agpe160","1-Acyl-sn-glycero-3-phosphoethanolamine (n-C16:0)","C21H44NO7P1"
"1agpe161","1-Acyl-sn-glycero-3-phosphoethanolamine (n-C16:1)","C21H42NO7P1"
"1agpe180","1-Acyl-sn-glycero-3-phosphoethanolamine (n-C18:0)","C23H48NO7P1"
"1agpe181","1-Acyl-sn-glycero-3-phosphoethanolamine (n-C18:1)","C23H46NO7P1"
"1agpg120","1-Acyl-sn-glycero-3-phosphoglycerol (n-C12:0)","C18H36O9P1"
"1agpg140","1-Acyl-sn-glycero-3-phosphoglycerol (n-C14:0)","C20H40O9P1"
"1agpg141","1-Acyl-sn-glycero-3-phosphoglycerol (n-C14:1)","C20H38O9P1"
"1agpg160","1-Acyl-sn-glycero-3-phosphoglycerol (n-C16:0)","C22H44O9P1"
"1agpg161","1-Acyl-sn-glycero-3-phosphoglycerol (n-C16:1)","C22H42O9P1"
"1agpg180","1-Acyl-sn-glycero-3-phosphoglycerol (n-C18:0)","C24H48O9P1"
"1agpg181","1-Acyl-sn-glycero-3-phosphoglycerol (n-C18:1)","C24H46O9P1"
"1ddecg3p","1-dodecanoyl-sn-glycerol 3-phosphate","C15H29O7P1"
"1hdec9eg3p","1-hexadec-9-enoyl-sn-glycerol 3-phosphate","C19H35O7P1"
"1hdecg3p","1-hexadecanoyl-sn-glycerol 3-phosphate","C19H37O7P1"
"1odec11eg3p","1-octadec-11-enoyl-sn-glycerol 3-phosphate","C21H39O7P1"
"1odecg3p","1-octadecanoyl-sn-glycerol 3-phosphate","C21H41O7P1"
"1pyr5c","1-Pyrroline-5-carboxylate","C5H6NO2"
"1tdec7eg3p","1-tetradec-7-enoyl-sn-glycerol 3-phosphate","C17H31O7P1"
"1tdecg3p","1-tetradecanoyl-sn-glycerol 3-phosphate","C17H33O7P1"
"23camp","2',3'-Cyclic AMP","C10H11N5O6P"
"23ccmp","2',3'-Cyclic CMP","C9H11N3O7P"
"23cgmp","2',3'-Cyclic GMP","C10H11N5O7P"
"23cump","2',3'-Cyclic UMP","C9H10N2O8P"
"23dappa","2,3-diaminopropionate","C3H9N2O2"
"23ddhb","2,3-Dihydro-2,3-dihydroxybenzoate","C7H7O4"
"23dhb","2,3-Dihydroxybenzoate","C7H5O4"
"23dhba","(2,3-Dihydroxybenzoyl)adenylate","C17H17N5O10P"
"23dhbzs","2,3-dihydroxybenzoylserine","C10H10NO6"
"23dhdp","2,3-Dihydrodipicolinate","C7H5NO4"
"23dhmb","(R)-2,3-Dihydroxy-3-methylbutanoate","C5H9O4"
"23dhmp","(R)-2,3-Dihydroxy-3-methylpentanoate","C6H11O4"
"23doguln","2,3-Dioxo-L-gulonate","C6H7O7"
"25aics","(S)-2-[5-Amino-1-(5-phospho-D-ribosyl)imidazole-4-carboxamido]succinate","C13H15N4O12P"
"25dkglcn","2,5-diketo-D-gluconate","C6H7O7"
"25drapp","2,5-Diamino-6-(ribosylamino)-4-(3H)-pyrimidinone 5'-phosphate","C9H14N5O8P"
"26dap-LL","LL-2,6-Diaminoheptanedioate","C7H14N2O4"
"26dap-M","meso-2,6-Diaminoheptanedioate","C7H14N2O4"
"2agpe120","2-Acyl-sn-glycero-3-phosphoethanolamine (n-C12:0)","C17H36NO7P1"
"2agpe140","2-Acyl-sn-glycero-3-phosphoethanolamine (n-C14:0)","C19H40NO7P1"
"2agpe141","2-Acyl-sn-glycero-3-phosphoethanolamine (n-C14:1)","C19H38NO7P1"
"2agpe160","2-Acyl-sn-glycero-3-phosphoethanolamine (n-C16:0)","C21H44NO7P1"
"2agpe161","2-Acyl-sn-glycero-3-phosphoethanolamine (n-C16:1)","C21H42NO7P1"
"2agpe180","2-Acyl-sn-glycero-3-phosphoethanolamine (n-C18:0)","C23H48NO7P1"
"2agpe181","2-Acyl-sn-glycero-3-phosphoethanolamine (n-C18:1)","C23H46NO7P1"
"2agpg120","2-Acyl-sn-glycero-3-phosphoglycerol (n-C12:0)","C18H36O9P1"
"2agpg140","2-Acyl-sn-glycero-3-phosphoglycerol (n-C14:0)","C20H40O9P1"
"2agpg141","2-Acyl-sn-glycero-3-phosphoglycerol (n-C14:1)","C20H38O9P1"
"2agpg160","2-Acyl-sn-glycero-3-phosphoglycerol (n-C16:0)","C22H44O9P1"
"2agpg161","2-Acyl-sn-glycero-3-phosphoglycerol (n-C16:1)","C22H42O9P1"
"2agpg180","2-Acyl-sn-glycero-3-phosphoglycerol (n-C18:0)","C24H48O9P1"
"2agpg181","2-Acyl-sn-glycero-3-phosphoglycerol (n-C18:1)","C24H46O9P1"
"2ahbut","(S)-2-Aceto-2-hydroxybutanoate","C6H9O4"
"2amsa","2-Aminomalonate semialdehyde","C3H5NO3"
"2aobut","L-2-Amino-3-oxobutanoate","C4H7NO3"
"2cpr5p","1-(2-Carboxyphenylamino)-1-deoxy-D-ribulose 5-phosphate","C12H13NO9P"
"2dda7p","2-Dehydro-3-deoxy-D-arabino-heptonate 7-phosphate","C7H10O10P"
"2ddecg3p","2-dodecanoyl-sn-glycerol 3-phosphate","C15H30O7P1"
"2ddg6p","2-Dehydro-3-deoxy-D-gluconate 6-phosphate","C6H8O9P"
"2ddglcn","2-Dehydro-3-deoxy-D-gluconate","C6H9O6"
"2dh3dgal","2-Dehydro-3-deoxy-D-galactonate","C6H9O6"
"2dh3dgal6p","2-Dehydro-3-deoxy-D-galactonate 6-phosphate","C6H8O9P"
"2dhglcn","2-Dehydro-D-gluconate","C6H9O7"
"2dhguln","2-Dehydro-L-gulonate","C6H9O7"
"2dhp","2-Dehydropantoate","C6H9O4"
"2dmmq8","2-Demethylmenaquinone 8","C50H70O2"
"2dmmql8","2-Demethylmenaquinol 8","C50H72O2"
"2dr1p","2-Deoxy-D-ribose 1-phosphate","C5H9O7P"
"2dr5p","2-Deoxy-D-ribose 5-phosphate","C5H9O7P"
"2h3oppan","2-Hydroxy-3-oxopropanoate","C3H3O4"
"2hdec9eg3p","2-hexadec-9-enoyl-sn-glycerol 3-phosphate","C19H36O7P1"
"2hdecg3p","2-hexadecanoyl-sn-glycerol 3-phosphate","C19H38O7P1"
"2ippm","2-Isopropylmaleate","C7H8O4"
"2kmb","2-keto-4-methylthiobutyrate","C5H7O3S"
"2mahmp","2-Methyl-4-amino-5-hydroxymethylpyrimidine diphosphate","C6H8N3O7P2"
"2mcacn","cis-2-Methylaconitate","C7H5O6"
"2mcit","2-Methylcitrate","C7H7O7"
"2me4p","2-C-methyl-D-erythritol 4-phosphate","C5H11O7P"
"2mecdp","2-C-methyl-D-erythritol 2,4-cyclodiphosphate","C5H10O9P2"
"2obut","2-Oxobutanoate","C4H5O3"
"2odec11eg3p","2-octadec-11-enoyl-sn-glycerol 3-phosphate","C21H40O7P1"
"2odecg3p","2-octadecanoyl-sn-glycerol 3-phosphate","C21H42O7P1"
"2ohph","2-Octaprenyl-6-hydroxyphenol","C46H70O2"
"2ombzl","2-Octaprenyl-6-methoxy-1,4-benzoquinol","C47H72O3"
"2omhmbl","2-Octaprenyl-3-methyl-5-hydroxy-6-methoxy-1,4-benzoquinol","C48H74O4"
"2ommbl","2-Octaprenyl-3-methyl-6-methoxy- 1,4-benzoquinol","C48H74O3"
"2omph","2-Octaprenyl-6-methoxyphenol","C47H72O2"
"2oph","2-Octaprenylphenol","C46H70O"
"2p4c2me","2-phospho-4-(cytidine 5'-diphospho)-2-C-methyl-D-erythritol","C14H22N3O17P3"
"2pg","D-Glycerate 2-phosphate","C3H4O7P"
"2pglyc","2-Phosphoglycolate","C2H2O6P"
"2shchc","2-Succinyl-6-hydroxy-2,4-cyclohexadiene-1-carboxylate","C11H10O6"
"2tdec7eg3p","2-tetradec-7-enoyl-sn-glycerol 3-phosphate","C17H32O7P1"
"2tdecg3p","2-tetradecanoyl-sn-glycerol 3-phosphate","C17H34O7P1"
"2tpr3dpcoa","2'-(5''-triphosphoribosyl)-3'-dephospho-CoA","C26H40N7O26P5S"
"34dhpac","3,4-Dihydroxyphenylacetaldehyde","C8H8O3"
"34hpp","3-(4-Hydroxyphenyl)pyruvate","C9H7O4"
"3amp","3'-AMP","C10H12N5O7P"
"3c2hmp","3-Carboxy-2-hydroxy-4-methylpentanoate","C7H10O5"
"3c3hmp","3-Carboxy-3-hydroxy-4-methylpentanoate","C7H10O5"
"3c4mop","3-Carboxy-4-methyl-2-oxopentanoate","C7H8O5"
"3cmp","3'-cmp","C9H12N3O8P"
"3dhguln","3-Dehydro-L-gulonate","C6H9O7"
"3dhgulnp","3-keto-L-gulonate-6-phosphate","C6H8O10P"
"3dhq","3-Dehydroquinate","C7H9O6"
"3dhsk","3-Dehydroshikimate","C7H7O5"
"3gmp","3'-GMP","C10H12N5O8P"
"3haACP","(3R)-3-Hydroxyacyl-[acyl-carrier protein]","C15H27N2O9PRS"
"3hbcoa","(S)-3-Hydroxybutanoyl-CoA","C25H38N7O18P3S"
"3hcddec5eACP","(R)-3-hydroxy-cis-dodec-5-enoyl-[acyl-carrier protein]","C23H41N2O9PRS"
"3hcinnm","3-hydroxycinnamic acid","C9H7O3"
"3hcmrs7eACP","(R)-3-hydroxy-cis-myristol-7-eoyl-[acyl-carrier protein]","C25H45N2O9PRS"
"3hcpalm9eACP","(R)-3-hydroxy-cis-palm-9-eoyl-[acyl-carrier protein]","C27H49N2O9PRS"
"3hcvac11eACP","(R)-3-hydroxy-cis-vacc-11-enoyl-[acyl-carrier protein]","C29H53N2O9PRS"
"3hdcoa","(S)-3-Hydroxydecanoyl-CoA","C31H50N7O18P3S"
"3hddcoa","(S)-3-Hydroxydodecanoyl-CoA","C33H54N7O18P3S"
"3hddecACP","(R)-3-Hydroxydodecanoyl-[acyl-carrier protein]","C23H43N2O9PRS"
"3hdecACP","(R)-3-Hydroxydecanoyl-[acyl-carrier protein]","C21H39N2O9PRS"
"3hhcoa","(S)-3-Hydroxyhexanoyl-CoA","C27H42N7O18P3S"
"3hhdcoa","(S)-3-Hydroxyhexadecanoyl-CoA","C37H62N7O18P3S"
"3hhexACP","(R)-3-Hydroxyhexanoyl-[acyl-carrier protein]","C17H31N2O9PRS"
"3hmrsACP","(R)-3-Hydroxytetradecanoyl-[acyl-carrier protein]","C25H47N2O9PRS"
"3hocoa","(S)-3-Hydroxyoctanoyl-CoA","C29H46N7O18P3S"
"3hoctaACP","(R)-3-Hydroxyoctadecanoyl-[acyl-carrier protein]","C29H55N2O9PRS"
"3hoctACP","(R)-3-Hydroxyoctanoyl-[acyl-carrier protein]","C19H35N2O9PRS"
"3hodcoa","(S)-3-Hydroxyoctadecanoyl-CoA","C39H66N7O18P3S"
"3hpalmACP","R-3-hydroxypalmitoyl-[acyl-carrier protein]","C27H51N2O9PRS"
"3hpppn","3-(3-hydroxy-phenyl)propionate","C9H9O3"
"3htdcoa","(S)-3-Hydroxytetradecanoyl-CoA","C35H58N7O18P3S"
"3ig3p","C'-(3-Indolyl)-glycerol 3-phosphate","C11H12NO6P"
"3mob","3-Methyl-2-oxobutanoate","C5H7O3"
"3mop","(S)-3-Methyl-2-oxopentanoate","C6H9O3"
"3ocddec5eACP","3-oxo-cis-dodec-5-enoyl-[acyl-carrier protein]","C23H39N2O9PRS"
"3ocmrs7eACP","3-oxo-cis-myristol-7-eoyl-[acyl-carrier protein]","C25H43N2O9PRS"
"3ocpalm9eACP","3-oxo-cis-palm-9-eoyl-[acyl-carrier protein]","C27H47N2O9PRS"
"3ocvac11eACP","3-oxo-cis-vacc-11-enoyl-[acyl-carrier protein]","C29H51N2O9PRS"
"3odcoa","3-Oxodecanoyl-CoA","C31H48N7O18P3S"
"3oddcoa","3-Oxododecanoyl-CoA","C33H52N7O18P3S"
"3oddecACP","3-Oxododecanoyl-[acyl-carrier protein]","C23H41N2O9PRS"
"3odecACP","3-Oxodecanoyl-[acyl-carrier protein]","C21H37N2O9PRS"
"3ohcoa","3-Oxohexanoyl-CoA","C27H40N7O18P3S"
"3ohdcoa","3-Oxohexadecanoyl-CoA","C37H60N7O18P3S"
"3ohexACP","3-Oxohexanoyl-[acyl-carrier protein]","C17H29N2O9PRS"
"3omrsACP","3-Oxotetradecanoyl-[acyl-carrier protein]","C25H45N2O9PRS"
"3oocoa","3-Oxooctanoyl-CoA","C29H44N7O18P3S"
"3ooctACP","3-Oxooctanoyl-[acyl-carrier protein]","C19H33N2O9PRS"
"3ooctdACP","3-Oxooctadecanoyl-[acyl-carrier protein]","C29H53N2O9PRS"
"3oodcoa","3-Oxooctadecanoyl-CoA","C39H64N7O18P3S"
"3opalmACP","3-Oxohexadecanoyl-[acyl-carrier protein]","C27H49N2O9PRS"
"3ophb","3-Octaprenyl-4-hydroxybenzoate","C47H69O3"
"3otdcoa","3-Oxotetradecanoyl-CoA","C35H56N7O18P3S"
"3pg","3-Phospho-D-glycerate","C3H4O7P"
"3php","3-Phosphohydroxypyruvate","C3H2O7P"
"3psme","5-O-(1-Carboxyvinyl)-3-phosphoshikimate","C10H9O10P"
"3sala","3-Sulfino-L-alanine","C3H5NO4S"
"3ump","3'-UMP","C9H11N2O9P"
"4abut","4-Aminobutanoate","C4H9NO2"
"4abutn","4-Aminobutanal","C4H10NO"
"4abz","4-Aminobenzoate","C7H6NO2"
"4adcho","4-amino-4-deoxychorismate","C10H10NO5"
"4ahmmp","4-Amino-5-hydroxymethyl-2-methylpyrimidine","C6H9N3O"
"4ampm","4-Amino-2-methyl-5-phosphomethylpyrimidine","C6H8N3O4P"
"4c2me","4-(cytidine 5'-diphospho)-2-C-methyl-D-erythritol","C14H23N3O14P2"
"4h2opntn","4-Hydroxy-2-oxopentanoate","C5H7O4"
"4hba","4-Hydroxy-benzyl alcohol","C7H8O2"
"4hbz","4-Hydroxybenzoate","C7H5O3"
"4hoxpacd","4-Hydroxyphenylacetaldehyde","C8H8O2"
"4hthr","4-Hydroxy-L-threonine","C4H9NO4"
"4mhetz","4-Methyl-5-(2-hydroxyethyl)-thiazole","C6H9NOS"
"4mop","4-Methyl-2-oxopentanoate","C6H9O3"
"4mpetz","4-Methyl-5-(2-phosphoethyl)-thiazole","C6H8NO4PS"
"4pasp","4-Phospho-L-aspartate","C4H6NO7P"
"4per","4-Phospho-D-erythronate","C4H6O8P"
"4ppan","D-4'-Phosphopantothenate","C9H15NO8P"
"4ppcys","N-((R)-4-Phosphopantothenoyl)-L-cysteine","C12H20N2O9PS"
"4r5au","4-(1-D-Ribitylamino)-5-aminouracil","C9H16N4O6"
"5aizc","5-amino-1-(5-phospho-D-ribosyl)imidazole-4-carboxylate","C9H11N3O9P"
"5aop","5-Amino-4-oxopentanoate","C5H9NO3"
"5aprbu","5-Amino-6-(5'-phosphoribitylamino)uracil","C9H15N4O9P"
"5apru","5-Amino-6-(5'-phosphoribosylamino)uracil","C9H13N4O9P"
"5caiz","5-phosphoribosyl-5-carboxyaminoimidazole","C9H11N3O9P"
"5dglcn","5-Dehydro-D-gluconate","C6H9O7"
"5dh4dglc","5-Dehydro-4-deoxy-D-glucarate","C6H6O7"
"5drib","5'-deoxyribose","C5H10O4"
"5mdr1p","5-Methylthio-5-deoxy-D-ribose 1-phosphate","C6H11O7PS"
"5mdru1p","5-Methylthio-5-deoxy-D-ribulose 1-phosphate","C6H11O7PS"
"5mta","5-Methylthioadenosine","C11H15N5O3S"
"5mthf","5-Methyltetrahydrofolate","C20H24N7O6"
"5mtr","5-Methylthio-D-ribose","C6H12O4S"
"5prdmbz","N1-(5-Phospho-alpha-D-ribosyl)-5,6-dimethylbenzimidazole","C14H17N2O7P"
"6hmhpt","6-hydroxymethyl dihydropterin","C7H9N5O2"
"6hmhptpp","6-hydroxymethyl-dihydropterin pyrophosphate","C7H8N5O8P2"
"6pgc","6-Phospho-D-gluconate","C6H10O10P"
"6pgl","6-phospho-D-glucono-1,5-lactone","C6H9O9P"
"8aonn","8-Amino-7-oxononanoate","C9H17NO3"
"aacald","Aminoacetaldehyde","C2H6NO"
"aacoa","Acetoacetyl-CoA","C25H36N7O18P3S"
"aact","Aminoacetone","C3H8NO"
"ac","Acetate","C2H3O2"
"acac","Acetoacetate","C4H5O3"
"acACP","Acetyl-ACP","C13H23N2O8PRS"
"acald","Acetaldehyde","C2H4O"
"acanth","N-Acetylanthranilate","C9H8NO3"
"accoa","Acetyl-CoA","C23H34N7O17P3S"
"acetol","Acetol","C3H6O2"
"acg5p","N-Acetyl-L-glutamyl 5-phosphate","C7H9NO8P"
"acg5sa","N-Acetyl-L-glutamate 5-semialdehyde","C7H10NO4"
"acgal","N-Acetyl-D-galactosamine","C8H15NO6"
"acgal1p","N-Acetyl-D-galactosamine 1-phosphate","C8H14NO9P"
"acgam","N-Acetyl-D-glucosamine","C8H15NO6"
"acgam1p","N-Acetyl-D-glucosamine 1-phosphate","C8H14NO9P"
"acgam6p","N-Acetyl-D-glucosamine 6-phosphate","C8H14NO9P"
"acglc-D","6-Acetyl-D-glucose","C8H14O7"
"acglu","N-Acetyl-L-glutamate","C7H9NO5"
"acmalt","Acetyl-maltose","C14H24O12"
"acmana","N-Acetyl-D-mannosamine","C8H15NO6"
"acmanap","N-Acetyl-D-mannosamine 6-phosphate","C8H14NO9P"
"acmum","N-Acetylmuramate","C11H18NO8"
"acmum6p","N-acetylmuramate 6-phosphate","C11H17NO11P"
"acnam","N-Acetylneuraminate","C11H18NO9"
"acolipa","4-Amino-4-deoxy-L-arabinose modified core oligosaccharide lipid A","C181H314N3O103P4"
"acon-C","cis-Aconitate","C6H3O6"
"aconm","E-3-carboxy-2-pentenedioate 6-methyl ester","C7H6O6"
"acon-T","trans-Aconitate","C6H3O6"
"acorn","N2-Acetyl-L-ornithine","C7H14N2O3"
"ACP","acyl carrier protein","C11H21N2O7PRS"
"acser","O-Acetyl-L-serine","C5H9NO4"
"actACP","Acetoacetyl-ACP","C15H25N2O9PRS"
"actp","Acetyl phosphate","C2H3O5P"
"ade","Adenine","C5H5N5"
"adn","Adenosine","C10H13N5O4"
"adocbi","Adenosyl cobinamide","C58H84CoN16O11"
"adocbip","Adenosyl cobinamide phosphate","C58H83CoN16O14P"
"adocbl","Adenosylcobalamin","C72H100CoN18O17P"
"adp","ADP","C10H12N5O10P2"
"adpglc","ADPglucose","C16H23N5O15P2"
"adphep-DD","ADP-D-glycero-D-manno-heptose","C17H25N5O16P2"
"adphep-LD","ADP-L-glycero-D-manno-heptose","C17H25N5O16P2"
"adprib","ADPribose","C15H21N5O14P2"
"ag","silver","Ag"
"agdpcbi","Adenosine-GDP-cobinamide","C68H95CoN21O21P2"
"agm","Agmatine","C5H16N4"
"ahcys","S-Adenosyl-L-homocysteine","C14H20N6O5S"
"ahdt","2-Amino-4-hydroxy-6-(erythro-1,2,3-trihydroxypropyl)dihydropteridine triphosphate","C9H12N5O13P3"
"aicar","5-Amino-1-(5-Phospho-D-ribosyl)imidazole-4-carboxamide","C9H13N4O8P"
"air","5-amino-1-(5-phospho-D-ribosyl)imidazole","C8H12N3O7P"
"akg","2-Oxoglutarate","C5H4O5"
"alaala","D-Alanyl-D-alanine","C6H12N2O3"
"ala-B","beta-Alanine","C3H7NO2"
"alac-S","(S)-2-Acetolactate","C5H7O4"
"ala-D","D-Alanine","C3H7NO2"
"ala-L","L-Alanine","C3H7NO2"
"alatrna","L-Alanyl-tRNA(Ala)","C3H6NOR"
"all6p","D-Allose 6-phosphate","C6H11O9P"
"all-D","D-Allose","C6H12O6"
"alltn","Allantoin","C4H6N4O3"
"alltt","Allantoate","C4H7N4O4"
"allul6p","Allulose 6-phosphate","C6H11O9P"
"alpp","applipoprotein","X"
"altrn","D-Altronate","C6H11O7"
"amet","S-Adenosyl-L-methionine","C15H23N6O5S"
"ametam","S-Adenosylmethioninamine","C14H24N6O3S"
"amob","S-Adenosyl-4-methylthio-2-oxobutanoate","C15H19N5O6S"
"amp","AMP","C10H12N5O7P"
"anhgm","N-Acetyl-D-glucosamine(anhydrous)N-Acetylmuramic acid","C19H29N2O12"
"anhgm3p","N-Acetyl-D-glucosamine(anhydrous)N-Acetylmuramyl-tripeptide","C34H52N6O19"
"anhgm4p","N-Acetyl-D-glucosamine(anhydrous)N-Acetylmuramyl-tetrapeptide","C37H57N7O20"
"anhm","1,6-anhydrous-N-Acetylmuramate","C11H16NO7"
"anhm3p","1,6-anhydrous-N-Acetylmuramyl-tripeptide","C26H39N5O14"
"anhm4p","1,6-anhydrous-N-Acetylmuramyl-tetrapeptide","C29H44N6O15"
"anth","Anthranilate","C7H6NO2"
"ap4a","P1,P4-Bis(5'-adenosyl) tetraphosphate","C20H24N10O19P4"
"ap5a","P1,P5-Bis(5'-adenosyl) pentaphosphate","C20H24N10O22P5"
"apg120","acyl phosphatidylglycerol (n-C12:0)","C42H80O11P"
"apg140","acyl phosphatidylglycerol (n-C14:0)","C48H92O11P"
"apg141","acyl phosphatidylglycerol (n-C14:1)","C48H86O11P"
"apg160","acyl phosphatidylglycerol (n-C16:0)","C54H104O11P"
"apg161","acyl phosphatidylglycerol (n-C16:1)","C54H98O11P"
"apg180","acyl phosphatidylglycerol (n-C18:0)","C60H116O11P"
"apg181","acyl phosphatidylglycerol (n-C18:1)","C60H110O11P"
"apoACP","apoprotein [acyl carrier protein]","RHO"
"aps","Adenosine 5'-phosphosulfate","C10H12N5O10PS"
"ara5p","D-Arabinose 5-phosphate","C5H9O8P"
"arab-L","L-Arabinose","C5H10O5"
"aragund","O-acetyl-rhamanosyl-N-acetylglucosamyl-undecaprenyl diphosphate","C71H115N1O17P2"
"arbt6p","Arbutin 6-phosphate","C12H15O10P"
"arbtn","aerobactin minus Fe3","C22H33N4O13"
"arbtn-fe3","Aerobactin","C22H33FeN4O13"
"arg-L","L-Arginine","C6H15N4O2"
"argsuc","N(omega)-(L-Arginino)succinate","C10H17N4O6"
"argtrna","L-Arginyl-tRNA(Arg)","C6H14N4OR"
"ascb6p","L-ascorbate-6-phosphate","C6H7O9P"
"ascb-L","L-Ascorbate","C6H8O6"
"asn-L","L-Asparagine","C4H8N2O3"
"asntrna","L-Asparaginyl-tRNA(Asn)","C4H7N2O2R"
"aso3","arsenite","AsO3"
"aso4","arsenate","AsO4"
"asp-L","L-Aspartate","C4H6NO4"
"aspsa","L-Aspartate 4-semialdehyde","C4H7NO3"
"asptrna","L-Aspartyl-tRNA(Asp)","C4H5NO3R"
"athr-L","L-Allo-threonine","C4H9NO3"
"atp","ATP",
"b2coa","Crotonoyl-CoA","C25H36N7O17P3S"
"bbtcoa","gamma-butyrobetainyl-CoA","C28H46N8O17P3S"
"betald","Betaine aldehyde","C5H12NO"
"bglycogen","branching glycogen","C6H10O5"
"btal","Butanal","C4H8O"
"btcoa","Butanoyl-CoA","C25H38N7O17P3S"
"btn","Biotin","C10H15N2O3S"
"btnso","d-biotin d-sulfoxide","C10H15N2O4S"
"but","Butyrate (n-C4:0)","C4H7O2"
"but2eACP","But-2-enoyl-[acyl-carrier protein]","C15H25N2O8PRS"
"butACP","Butyryl-ACP (n-C4:0ACP)","C15H27N2O8PRS"
"butso3","butanesulfonate","C4H9O3S"
"ca2","Calcium","Ca"
"camp","cAMP","C10H11N5O6P"
"cbasp","N-Carbamoyl-L-aspartate","C5H6N2O5"
"cbi","Cobinamide","C48H72CoN11O8"
"cbl1","Cob(I)alamin","C62H88CoN13O14P"
"cbp","Carbamoyl phosphate","CH2NO5P"
"cd2","Cadmium","Cd"
"cddec5eACP","cis-dodec-5-enoyl-[acyl-carrier protein] (n-C12:1)","C23H41N2O8PRS"
"cdec3eACP","cis-dec-3-enoyl-[acyl-carrier protein] (n-C10:1)","C21H37N2O8PRS"
"cdp","CDP","C9H12N3O11P2"
"cdpdddecg","CDP-1,2-didodecanoylglycerol","C36H63N3O15P2"
"cdpdhdec9eg","CDP-1,2-dihexadec-9-enoylglycerol","C44H75N3O15P2"
"cdpdhdecg","CDP-1,2-dihexadecanoylglycerol","C44H79N3O15P2"
"cdpdodec11eg","CDP-1,2-dioctadec-11-enoylglycerol","C48H83N3O15P2"
"cdpdodecg","CDP-1,2-dioctadecanoylglycerol","C48H87N3O15P2"
"cdpdtdec7eg","CDP-1,2-ditetradec-7-enoylglycerol","C40H67N3O15P2"
"cdpdtdecg","CDP-1,2-ditetradecanoylglycerol","C40H71N3O15P2"
"cechddd","cis-3-(3-carboxyethyl)-3,5-cyclohexadiene-1,2-diol","C9H11O4"
"cellb","Cellobiose","C12H22O11"
"cellb6p","Cellobiose-6-phosphate","C12H21O14P"
"cenchddd","cis-3-(3-carboxyethenyl)-3,5-cyclohexadiene-1,2-diol","C9H9O4"
"cgly","Cys-Gly","C5H10N2O3S"
"chol","Choline","C5H14NO"
"chor","chorismate","C10H8O6"
"cinnm","trans-Cinnamate","C9H7O2"
"cit","Citrate","C6H5O7"
"citr-L","L-Citrulline","C6H13N3O3"
"ckdo","CMP-3-deoxy-D-manno-octulosonate","C17H24N3O15P"
"cl","Chloride","Cl"
"clpn120","cardiolipin (tetradodecanoyl, n-C12:0)","C57H108O17P2"
"clpn140","cardiolipin (tetratetradecanoyl, n-C14:0)","C65H124O17P2"
"clpn141","cardiolipin (tetratetradec-7-enoyl, n-C14:1)","C65H116O17P2"
"clpn160","cardiolipin (tetrahexadecanoyl, n-C16:0)","C73H140O17P2"
"clpn161","cardiolipin (tetrahexadec-9-enoyl, n-C16:1)","C73H132O17P2"
"clpn180","cardiolipin (tetraoctadecanoyl, n-C18:0)","C81H156O17P2"
"clpn181","cardiolipin (tetraoctadec-11-enoyl, n-C18:1)","C81H148O17P2"
"cmp","CMP","C9H12N3O8P"
"co2","CO2","CO2"
"coa","Coenzyme A","C21H32N7O16P3S"
"cobalt2","Co2+","Co"
"cpe160","cyclopropane phosphatidylethanolamine (dihexadec-9,10-cyclo-anoyl, n-C16:0 cyclo)","C39H74N1O8P1"
"cpe180","cyclopropane phosphatidylethanolamine (dioctadec-11,12-cyclo-anoyl, n-C18:0 cyclo)","C43H82N1O8P1"
"cpg160","cyclopropane phosphatidylglycerol (dihexadec-9,10-cyclo-anoyl, n-C16:0 cyclo)","C40H74O10P1"
"cpg180","cyclopropane phosphatidylglycerol (dioctadec-11,12-cyclo-anoyl, n-C18:0 cyclo)","C44H82O10P1"
"cpgn","coprogen","C35H52N6O13Fe"
"cpgn-un","coprogen unloaded (no Fe(III))","C35H52N6O13"
"cpppg3","Coproporphyrinogen III","C36H40N4O8"
"crn","L-Carnitine","C7H15NO3"
"crncoa","L-Carnitinyl-CoA","C28H46N8O18P3S"
"crn-D","D-Carnitine","C7H15NO3"
"crnDcoa","D-carnitinyl-CoA","C28H46N8O18P3S"
"csn","Cytosine","C4H5N3O"
"ctbt","crotonobetaine","C7H13NO2"
"ctbtcoa","crotonobetainyl-CoA","C28H44N8O17P3S"
"ctp","CTP","C9H12N3O14P3"
"cu","Cu+","Cu"
"cu2","Cu2+","Cu"
"cyan","Hydrogen cyanide","CHN"
"cynt","Cyanate","CNO"
"cys-D","D-Cysteine","C3H7NO2S"
"cys-L","L-Cysteine","C3H7NO2S"
"cyst-L","L-Cystathionine","C7H14N2O4S"
"cystrna","L-Cysteinyl-tRNA(Cys)","C3H6NOSR"
"cytd","Cytidine","C9H13N3O5"
"dad-2","Deoxyadenosine","C10H13N5O3"
"dad-5","5'-Deoxyadenosine","C10H13N5O3"
"dadp","dADP","C10H12N5O9P2"
"damp","dAMP","C10H12N5O6P"
"dann","7,8-Diaminononanoate","C9H21N2O2"
"datp","dATP","C10H12N5O12P3"
"db4p","3,4-dihydroxy-2-butanone 4-phosphate","C4H7O6P"
"dc2coa","trans-Dec-2-enoyl-CoA","C31H48N7O17P3S"
"dca","Decanoate (n-C10:0)","C10H19O2"
"dcaACP","Decanoyl-ACP (n-C10:0ACP)","C21H39N2O8PRS"
"dcacoa","Decanoyl-CoA (n-C10:0CoA)","C31H50N7O17P3S"
"dcamp","N6-(1,2-Dicarboxyethyl)-AMP","C14H14N5O11P"
"dcdp","dCDP","C9H12N3O10P2"
"dcmp","dCMP","C9H12N3O7P"
"dctp","dCTP","C9H12N3O13P3"
"dcyt","Deoxycytidine","C9H13N3O4"
"dd2coa","trans-Dodec-2-enoyl-CoA","C33H52N7O17P3S"
"ddca","Dodecanoate (n-C12:0)","C12H23O2"
"ddcaACP","Dodecanoyl-ACP (n-C12:0ACP)","C23H43N2O8PRS"
"ddcacoa","Dodecanoyl-CoA (n-C12:0CoA)","C33H54N7O17P3S"
"dgdp","dGDP","C10H12N5O10P2"
"dgmp","dGMP","C10H12N5O7P"
"dgsn","Deoxyguanosine","C10H13N5O4"
"dgtp","dGTP","C10H12N5O13P3"
"dha","Dihydroxyacetone","C3H6O3"
"dhap","Dihydroxyacetone phosphate","C3H5O6P"
"dhcinnm","2,3-dihydroxicinnamic acid","C9H7O4"
"dhf","7,8-Dihydrofolate","C19H19N7O6"
"dhmptp","dihydromonapterin-triphosphate","C9H12N5O13P3"
"dhna","1,4-Dihydroxy-2-naphthoate","C11H7O4"
"dhnpt","Dihydroneopterin","C9H13N5O4"
"dhor-S","(S)-Dihydroorotate","C5H5N2O4"
"dhpmp","Dihydroneopterin monophosphate","C9H12N5O7P"
"dhpppn","3-(2,3-Dihydroxyphenyl)propanoate","C9H9O4"
"dhpt","Dihydropteroate","C14H13N6O3"
"dhptd","4,5-dihydroxy-2,3-pentanedione","C5H8O4"
"didp","dIDP","C10H11N4O10P2"
"dimp","dIMP","C10H11N4O7P"
"din","Deoxyinosine","C10H12N4O4"
"ditp","dITP","C10H11N4O13P3"
"dkmpp","2,3-diketo-5-methylthio-1-phosphopentane","C6H9O6PS"
"dmbzid","5,6-Dimethylbenzimidazole","C9H10N2"
"dmlz","6,7-Dimethyl-8-(1-D-ribityl)lumazine","C13H18N4O6"
"dmpp","Dimethylallyl diphosphate","C5H9O7P2"
"dms","Dimethyl sulfide","C2H6S"
"dmso","Dimethyl sulfoxide","C2H6OS"
"dnad","Deamino-NAD+","C21H24N6O15P2"
"dopa","Dopamine","C8H12NO2"
"dpcoa","Dephospho-CoA","C21H33N7O13P2S"
"dsbaox","periplasmic protein disulfide isomerase I (oxidized)","X"
"dsbard","periplasmic protein disulfide isomerase I (reduced)","XH2"
"dsbcox","protein disulfide isomerase II (oxidized)","X"
"dsbcrd","protein disulfide isomerase II (reduced)","XH2"
"dsbdox","fused thiol:disulfide interchange protein (oxidized)","X"
"dsbdrd","fused thiol:disulfide interchange protein (reduced)","XH2"
"dsbgox","periplasmic disulfide isomerase/thiol-disulphide oxidase (oxidized)","X"
"dsbgrd","periplasmic disulfide isomerase/thiol-disulphide oxidase (reduced)","XH2"
"dscl","dihydrosirohydrochlorin","C42H41N4O16"
"dtbt","Dethiobiotin","C10H17N2O3"
"dtdp","dTDP","C10H13N2O11P2"
"dtdp4aaddg","dTDP-4-acetamido-4,6-dideoxy-D-galactose","C18H27N3O15P2"
"dtdp4addg","dTDP-4-amino-4,6-dideoxy-D-galactose","C16H26N3O14P2"
"dtdp4d6dg","dTDP-4-dehydro-6-deoxy-D-glucose","C16H22N2O15P2"
"dtdp4d6dm","dTDP-4-dehydro-6-deoxy-L-mannose","C16H22N2O15P2"
"dtdpglu","dTDPglucose","C16H24N2O16P2"
"dtdprmn","dTDP-L-rhamnose","C16H24N2O15P2"
"dtmp","dTMP","C10H13N2O8P"
"dttp","dTTP","C10H13N2O14P3"
"dudp","dUDP","C9H11N2O11P2"
"dump","dUMP","C9H11N2O8P"
"duri","Deoxyuridine","C9H12N2O5"
"dutp","dUTP","C9H11N2O14P3"
"dxyl","1-deoxy-D-xylulose","C5H10O4"
"dxyl5p","1-deoxy-D-xylulose 5-phosphate","C5H9O7P"
"e4p","D-Erythrose 4-phosphate","C4H7O7P"
"eca2und","(enterobacterial common antigen)x2 undecaprenyl-diphosphate","C103H162N6O37P2"
"eca3und","(enterobacterial common antigen)x3 undecaprenyl-diphosphate","C127H198N9O52P2"
"eca4colipa","(enterobacterial common antigen)x4 core oligosaccharide lipid A","C272H447N14O160P4"
"eca4und","(enterobacterial common antigen)x4 undecaprenyl-diphosphate","C151H234N12O67P2"
"eig3p","D-erythro-1-(Imidazol-4-yl)glycerol 3-phosphate","C6H9N2O6P"
"enlipa","phosphoethanolamine KDO(2)-lipid (A)","C112H202N3O42P3"
"enter","Enterochelin","C30H27N3O15"
"etha","Ethanolamine","C2H8NO"
"ethso3","ethanesulfonate","C2H5O3S"
"etoh","Ethanol","C2H6O"
"f1p","D-Fructose 1-phosphate","C6H11O9P"
"f6p","D-Fructose 6-phosphate","C6H11O9P"
"fad","Flavin adenine dinucleotide oxidized","C27H31N9O15P2"
"fadh2","Flavin adenine dinucleotide reduced","C27H33N9O15P2"
"fald","Formaldehyde","CH2O"
"fc1p","L-Fuculose 1-phosphate","C6H11O8P"
"fcl-L","L-fuculose","C6H12O5"
"fdp","D-Fructose 1,6-bisphosphate","C6H10O12P2"
"fe2","Fe2+","Fe"
"fe3","Fe3+","Fe"
"fe3dcit","Fe(III)dicitrate","C12H10FeO14"
"fe3dhbzs","ferric 2,3-dihydroxybenzoylserine","C10H10NO6Fe"
"fe3hox","Fe(III)hydroxamate","C9H18O6N3Fe"
"fe3hox-un","Fe(III)hydoxamate, unloaded","C9H18O6N3"
"fecrm","Ferrichrome","C27H42FeN9O12"
"fecrm-un","Ferrichrome minus Fe(III)","C27H42N9O12"
"feenter","Fe-enterobactin","C30H27FeN3O15"
"feoxam","ferroxamine","C25H46FeN6O8"
"feoxam-un","ferroxamine minus Fe(3)","C25H46N6O8"
"fgam","N2-Formyl-N1-(5-phospho-D-ribosyl)glycinamide","C8H13N2O9P"
"fldox","flavodoxin (oxidized)","X"
"fldrd","flavodoxin (reduced)","XH2"
"fmettrna","N-Formylmethionyl-tRNA","C6H9NO2SR"
"fmn","FMN","C17H19N4O9P"
"fmnh2","Reduced FMN","C17H21N4O9P"
"for","Formate","CH1O2"
"fpram","2-(Formamido)-N1-(5-phospho-D-ribosyl)acetamidine","C8H15N3O8P"
"fprica","5-Formamido-1-(5-phospho-D-ribosyl)imidazole-4-carboxamide","C10H13N4O9P"
"frdp","Farnesyl diphosphate","C15H25O7P2"
"fru","D-Fructose","C6H12O6"
"frulys","fructoselysine","C12H25N2O7"
"frulysp","fructoselysine Phosphate","C12H24N2O10P"
"fruur","D-Fructuronate","C6H9O7"
"fuc-L","L-Fucose","C6H12O5"
"fum","Fumarate","C4H2O4"
"g1p","D-Glucose 1-phosphate","C6H11O9P"
"g3p","Glyceraldehyde 3-phosphate","C3H5O6P"
"g3pc","sn-Glycero-3-phosphocholine","C8H20NO6P"
"g3pe","sn-Glycero-3-phosphoethanolamine","C5H14NO6P"
"g3pg","Glycerophosphoglycerol","C6H14O8P"
"g3pi","sn-Glycero-3-phospho-1-inositol","C9H18O11P"
"g3ps","Glycerophosphoserine","C6H13NO8P"
"g6p","D-Glucose 6-phosphate","C6H11O9P"
"gal","D-Galactose","C6H12O6"
"gal1p","alpha-D-Galactose 1-phosphate","C6H11O9P"
"gal-bD","beta D-Galactose","C6H12O6"
"galct-D","D-Galactarate","C6H8O8"
"galctn-D","D-Galactonate","C6H11O7"
"galctn-L","L-Galactonate","C6H11O7"
"galt","Galactitol","C6H14O6"
"galt1p","Galactitol 1-phosphate","C6H13O9P"
"galur","D-Galacturonate","C6H9O7"
"gam","D-Glucosamine","C6H14NO5"
"gam1p","D-Glucosamine 1-phosphate","C6H13NO8P"
"gam6p","D-Glucosamine 6-phosphate","C6H13NO8P"
"gar","N1-(5-Phospho-D-ribosyl)glycinamide","C7H14N2O8P"
"garagund","glucosyl-O-acetyl-rhamanosyl-N-acetylglucosamyl-undecaprenyl diphosphate","C77H125N1O22P2"
"gbbtn","gamma-butyrobetaine","C7H15NO2"
"gcald","Glycolaldehyde","C2H4O2"
"gdp","GDP","C10H12N5O11P2"
"gdpddman","GDP-4-dehydro-6-deoxy-D-mannose","C16H21N5O15P2"
"gdpfuc","GDP-L-fucose","C16H23N5O15P2"
"gdpmann","GDP-D-mannose","C16H23N5O16P2"
"gdpofuc","GDP-4-oxo-L-fucose","C16H21N5O15P2"
"gdptp","Guanosine 3'-diphosphate 5'-triphosphate","C10H11N5O20P5"
"gfgaragund","galactofuranosyl-glucosyl-O-acetyl-rhamanosyl-N-acetylglucosamyl-undecaprenyl diphosphate","C83H135N1O27P2"
"gg4abut","gamma-glutamyl-gamma aminobutyric acid","C9H15O5N2"
"ggbutal","gamma-glutamyl-gamma-butyraldehyde","C9H16O4N2"
"ggptrc","gamma-glutamyl-putrescine","C9H20O3N3"
"gicolipa","glucosyl-inner core oligosaccharide lipid A","C151H261N2O79P4"
"glc-D","D-Glucose","C6H12O6"
"glcn","D-Gluconate","C6H11O7"
"glcr","D-Glucarate","C6H8O8"
"glcur","D-Glucuronate","C6H9O7"
"glcur1p","D-Glucuronate 1-phosphate","C6H8O10P"
"gln-L","L-Glutamine","C5H10N2O3"
"glntrna","L-Glutaminyl-tRNA(Gln)","C5H9N2O2R"
"glu1sa","L-Glutamate 1-semialdehyde","C5H9NO3"
"glu5p","L-Glutamate 5-phosphate","C5H8NO7P"
"glu5sa","L-Glutamate 5-semialdehyde","C5H9NO3"
"glucys","gamma-L-Glutamyl-L-cysteine","C8H13N2O5S"
"glu-D","D-Glutamate","C5H8NO4"
"glu-L","L-Glutamate","C5H8NO4"
"glutrna","L-Glutamyl-tRNA(Glu)","C5H7NO3R"
"glx","Glyoxylate","C2H1O3"
"gly","Glycine","C2H5NO2"
"glyald","D-Glyceraldehyde","C3H6O3"
"glyb","Glycine betaine","C5H11NO2"
"glyc","Glycerol","C3H8O3"
"glyc2p","Glycerol 2-phosphate","C3H7O6P"
"glyc3p","Glycerol 3-phosphate","C3H7O6P"
"glyclt","Glycolate","C2H3O3"
"glycogen","glycogen","C6H10O5"
"glyc-R","(R)-Glycerate","C3H5O4"
"glytrna","Glycyl-tRNA(Gly)","C2H4NOR"
"gmhep17bp","D-Glycero-D-manno-heptose 1,7-bisphosphate","C7H12O13P2"
"gmhep1p","D-Glycero-D-manno-heptose 1-phosphate","C7H13O10P"
"gmhep7p","D-Glycero-D-manno-heptose 7-phosphate","C7H13O10P"
"gmp","GMP","C10H12N5O8P"
"gp4g","P1,P4-Bis(5'-guanosyl) tetraphosphate","C20H24N10O21P4"
"grdp","Geranyl diphosphate","C10H17O7P2"
"grxox","glutaredoxin (oxidized)","X"
"grxrd","glutaredoxin (reduced)","XH2"
"gsn","Guanosine","C10H13N5O5"
"gthox","Oxidized glutathione","C20H30N6O12S2"
"gthrd","Reduced glutathione","C10H16N3O6S"
"gtp","GTP","C10H12N5O14P3"
"gtspmd","Glutathionylspermidine","C17H36N6O5S"
"gua","Guanine","C5H5N5O"
"h","H+","H"
"h2","H2","H2"
"h2mb4p","1-hydroxy-2-methyl-2-(E)-butenyl 4-diphosphate","C5H9O8P2"
"h2o","H2O","H2O"
"h2o2","Hydrogen peroxide","H2O2"
"h2s","Hydrogen sulfide","H2S"
"hacolipa","hepta-acylated core oligosaccharide lipid A (E. coli)","C192H333N2O101P4"
"halipa","hepta-acylated KDO(2)-lipid (A)","C126H226N2O40P2"
"hco3","Bicarbonate","CHO3"
"hcys-L","L-Homocysteine","C4H9NO2S"
"hdca","Hexadecanoate (n-C16:0)","C16H31O2"
"hdcea","Hexadecenoate (n-C16:1)","C16H29O2"
"hdcoa","Hexadecenoyl-CoA (n-C16:1CoA)","C37H60N7O17P3S"
"hdd2coa","trans-Hexadec-2-enoyl-CoA","C37H60N7O17P3S"
"hdeACP","cis-hexadec-9-enoyl-[acyl-carrier protein] (n-C16:1)","C27H49N2O8PRS"
"hemeO","Heme O","C49H56FeN4O5"
"hexACP","Hexanoyl-ACP (n-C6:0ACP)","C17H31N2O8PRS"
"hg2","Hg2+","Hg"
"his-L","L-Histidine","C6H9N3O2"
"hisp","L-Histidinol phosphate","C6H11N3O4P"
"histd","L-Histidinol","C6H12N3O"
"histrna","L-Histidyl-tRNA(His)","C6H8N3OR"
"hkndd","2-Hydroxy-6-oxonona-2,4-diene-1,9-dioate","C9H8O6"
"hkntd","2-hydroxy-6-ketononatrienedioate","C9H6O6"
"hmbil","Hydroxymethylbilane","C40H38N4O17"
"hmfurn","4-hydroxy-5-methyl-3(2H)-furanone","C5H6O3"
"hmgth","hydroxymethylglutathione","C11H18N3O7S"
"hom-L","L-Homoserine","C4H9NO3"
"hpyr","Hydroxypyruvate","C3H3O4"
"hqn","Hydroquinone","C6H6O2"
"hx2coa","trans-Hex-2-enoyl-CoA","C27H40N7O17P3S"
"hxa","Hexanoate (n-C6:0)","C6H11O2"
"hxan","Hypoxanthine","C5H4N4O"
"hxcoa","Hexanoyl-CoA (n-C6:0CoA)","C27H42N7O17P3S"
"iasp","Iminoaspartate","C4H3NO4"
"ichor","Isochorismate","C10H8O6"
"icit","Isocitrate","C6H5O7"
"icolipa","inner core oligosaccharide lipid A (E coli)","C145H251N2O74P4"
"idon-L","L-Idonate","C6H11O7"
"idp","IDP","C10H11N4O11P2"
"ile-L","L-Isoleucine","C6H13NO2"
"iletrna","L-Isoleucyl-tRNA(Ile)","C6H12NOR"
"imacp","3-(Imidazol-4-yl)-2-oxopropyl phosphate","C6H7N2O5P"
"imp","IMP","C10H11N4O8P"
"indole","Indole","C8H7N"
"inost","myo-Inositol","C6H12O6"
"ins","Inosine","C10H12N4O5"
"ipdp","Isopentenyl diphosphate","C5H9O7P2"
"isetac","Isethionic acid","C2H5O4S"
"itp","ITP","C10H11N4O14P3"
"k","potassium","K"
"kdo","3-Deoxy-D-manno-2-octulosonate","C8H13O8"
"kdo2lipid4","KDO(2)-lipid IV(A)","C84H148N2O37P2"
"kdo2lipid4L","KDO(2)-lipid IV(A) with laurate","C96H170N2O38P2"
"kdo2lipid4p","KDO(2)-lipid IV(A) with palmitoleoyl","C100H176N2O38P2"
"kdo8p","3-Deoxy-D-manno-octulosonate 8-phosphate","C8H12O11P"
"kdolipid4","KDO-lipid IV(A)","C76H137N2O30P2"
"lac-D","D-Lactate","C3H5O3"
"lac-L","L-Lactate","C3H5O3"
"LalaDglu","L-alanine-D-glutamate","C8H13N2O5"
"LalaDgluMdap","L-alanine-D-glutamate-meso-2,6-diaminoheptanedioate","C15H25N4O8"
"LalaDgluMdapDala","L-alanine-D-glutamate-meso-2,6-diaminoheptanedioate-D-alanine","C18H30N5O9"
"LalaLglu","L-alanine-L-glutamate","C8H13N2O5"
"lald-D","D-Lactaldehyde","C3H6O2"
"lald-L","L-Lactaldehyde","C3H6O2"
"lcts","Lactose","C12H22O11"
"leu-L","L-Leucine","C6H13NO2"
"leutrna","L-Leucyl-tRNA(Leu)","C6H12NOR"
"lgt-S","(R)-S-Lactoylglutathione","C13H20N3O8S"
"lipa","KDO(2)-lipid (A)","C110H196N2O39P2"
"lipa-cold","cold adapted KDO(2)-lipid (A)","C114H202N2O39P2"
"lipidA","2,3,2'3'-Tetrakis(beta-hydroxymyristoyl)-D-glucosaminyl-1,6-beta-D-glucosamine 1,4'-bisphosphate","C68H126N2O23P2"
"lipidAds","Lipid A Disaccharide","C68H127N2O20P"
"lipidX","2,3-Bis(3-hydroxytetradecanoyl)-beta-D-glucosaminyl 1-phosphate","C34H64NO12P"
"lpp","lipoprotein","XC16H30O1"
"lys-L","L-Lysine","C6H15N2O2"
"lystrna","L-Lysine-tRNA (Lys)","C6H14N2OR"
"lyx-L","L-Lyxose","C5H10O5"
"malACP","Malonyl-[acyl-carrier protein]","C14H22N2O10PRS"
"malcoa","Malonyl-CoA","C24H33N7O19P3S"
"mal-D","D-Malate","C4H4O5"
"mal-L","L-Malate","C4H4O5"
"malt","Maltose","C12H22O11"
"malt6p","Maltose 6'-phosphate","C12H21O14P"
"malthp","Maltoheptaose","C42H72O36"
"malthx","Maltohexaose","C36H62O31"
"maltpt","Maltopentaose","C30H52O26"
"malttr","Maltotriose","C18H32O16"
"maltttr","Maltotetraose","C24H42O21"
"man","D-Mannose","C6H12O6"
"man1p","D-Mannose 1-phosphate","C6H11O9P"
"man6p","D-Mannose 6-phosphate","C6H11O9P"
"man6pglyc","2(alpha-D-Mannosyl-6-phosphate)-D-glycerate","C9H14O12P"
"mana","D-Mannonate","C6H11O7"
"manglyc","2(alpha-D-Mannosyl)-D-glycerate","C9H15O9"
"melib","Melibiose","C12H22O11"
"mercppyr","Mercaptopyruvate","C3H3O3S"
"met-D","D-Methionine","C5H10NO2S"
"methf","5,10-Methenyltetrahydrofolate","C20H20N7O6"
"met-L","L-Methionine","C5H11NO2S"
"metsox-R-L","L-methionine-R-sulfoxide","C5H11NO3S"
"metsox-S-L","L-Methionine Sulfoxide","C5H11NO3S"
"mettrna","L-Methionyl-tRNA (Met)","C5H10NOSR"
"mg2","magnesium","Mg"
"mi1p-D","1D-myo-Inositol 1-phosphate","C6H11O9P"
"micit","methylisocitrate","C7H7O7"
"minohp","myo-Inositol hexakisphosphate","C6H6O24P6"
"mlthf","5,10-Methylenetetrahydrofolate","C20H21N7O6"
"mmcoa-R","(R)-Methylmalonyl-CoA","C25H35N7O19P3S"
"mmcoa-S","(S)-Methylmalonyl-CoA","C25H35N7O19P3S"
"mmet","S-Methyl-L-methionine","C6H14NO2S"
"mn2","Mn2+","Mn"
"mnl","D-Mannitol","C6H14O6"
"mnl1p","D-Mannitol 1-phosphate","C6H13O9P"
"mobd","Molybdate","MoO4"
"mql8","Menaquinol 8","C51H74O2"
"mqn8","Menaquinone 8","C51H72O2"
"mso3","methanesulfonate","CH3O3S"
"mthgxl","Methylglyoxal","C3H4O2"
"murein3p3p","two linked disacharide tripeptide murein units (uncrosslinked, middle of chain)","C68H104N12O38"
"murein3px3p","two disacharide linked murein units, tripeptide crosslinked tripeptide (A2pm->A2pm) (middle of chain)","C68H102N12O37"
"murein3px4p","two disacharide linked murein units, tripeptide crosslinked tetrapeptide (A2pm->D-ala) (middle of chain)","C71H107N13O38"
"murein4p3p","two linked disacharide tetrapeptide and tripeptide murein units (uncrosslinked, middle of chain)","C71H109N13O39"
"murein4p4p","two linked disacharide tetrapeptide murein units (uncrosslinked, middle of chain)","C74H114N14O40"
"murein4px4p","two disacharide linked murein units, tetrapeptide corsslinked tetrapeptide (A2pm->D-ala) (middle of chain)","C74H112N14O39"
"murein4px4p4p","three disacharide linked murein units (tetrapeptide crosslinked tetrapeptide (A2pm->D-ala), one uncrosslinked tetrapaptide) (middle of chain)","C111H169N21O59"
"murein4px4px4p","three disacharide linked murein units (tetrapeptide crosslinked tetrapeptide (A2pm->D-ala) & tetrapeptide corsslinked tetrapeptide (A2pm->D-ala)) (middle of chain)","C111H167N21O58"
"murein5p3p","two linked disacharide pentapeptide and tripeptide murein units (uncrosslinked, middle of chain)","C74H114N14O40"
"murein5p4p","two linked disacharide pentapeptide and tetrapeptide murein units (uncrosslinked, middle of chain)","C77H119N15O41"
"murein5p5p","two linked disacharide pentapeptide murein units (uncrosslinked, middle of chain)","C80H124N16O42"
"murein5p5p5p","three linked disacharide pentapeptide murein units (uncrosslinked, middle of chain)","C120H186N24O63"
"murein5px3p","two disacharide linked murein units, pentapeptide corsslinked tripeptide (A2pm->A2pm) (middle of chain)","C74H112N14O39"
"murein5px4p","two disacharide linked murein units, pentapeptide crosslinked tetrapeptide (A2pm->D-ala) (middle of chain)","C77H117N15O40"
"murein5px4px4p","three disacharide linked murein units (pentapeptide crosslinked tetrapeptide (A2pm->D-ala) tetrapeptide corsslinked tetrapeptide (A2pm->D-ala)) (middle of chain)","C114H172N22O59"
"myrsACP","Myristoyl-ACP (n-C14:0ACP)","C25H47N2O8PRS"
"N1aspmd","N1-Acetylspermidine","C9H23N3O"
"n2o","Nitrous oxide","N2O"
"n8aspmd","N8-Acetylspermidine","C9H23N3O"
"na1","Sodium","Na"
"nac","Nicotinate","C6H4NO2"
"nad","Nicotinamide adenine dinucleotide","C21H26N7O14P2"
"nadh","Nicotinamide adenine dinucleotide - reduced","C21H27N7O14P2"
"nadp","Nicotinamide adenine dinucleotide phosphate","C21H25N7O17P3"
"nadph","Nicotinamide adenine dinucleotide phosphate - reduced","C21H26N7O17P3"
"ncam","Nicotinamide","C6H6N2O"
"nh4","Ammonium","H4N"
"ni2","nickel","Ni"
"nicrnt","Nicotinate D-ribonucleotide","C11H12NO9P"
"nmn","NMN","C11H14N2O8P"
"Nmtrp","N-Methyltryptophan","C12H14N2O2"
"no","Nitric oxide","NO"
"no2","Nitrite","NO2"
"no3","Nitrate","NO3"
"o16a2und","(O16 antigen)x2 undecaprenyl diphosphate","C123H200N2O57P2"
"o16a3und","(O16 antigen)x3 undecaprenyl diphosphate","C157H255N3O82P2"
"o16a4colipa","(O16 antigen)x4 core oligosaccharide lipid A","C312H523N6O200P4"
"o16a4und","(O16 antigen)x4 undecaprenyl diphosphate","C191H310N4O107P2"
"o16aund","O16 antigen undecaprenyl diphosphate","C89H145N1O32P2"
"o2","O2","O2"
"o2s","Superoxide anion","O2"
"oaa","Oxaloacetate","C4H2O5"
"oc2coa","trans-Oct-2-enoyl-CoA","C29H44N7O17P3S"
"ocACP","Octanoyl-ACP (n-C8:0ACP)","C19H35N2O8PRS"
"occoa","Octanoyl-CoA (n-C8:0CoA)","C29H46N7O17P3S"
"ocdca","octadecanoate (n-C18:0)","C18H35O2"
"ocdcaACP","Octadecanoyl-ACP (n-C18:0ACP)","C29H55N2O8PRS"
"ocdcea","octadecenoate (n-C18:1)","C18H33O2"
"octa","octanoate (n-C8:0)","C8H15O2"
"octdp","all-trans-Octaprenyl diphosphate","C40H65O7P2"
"octeACP","cis-octadec-11-enoyl-[acyl-carrier protein] (n-C18:1)","C29H53N2O8PRS"
"od2coa","trans-Octadec-2-enoyl-CoA","C39H64N7O17P3S"
"odecoa","Octadecenoyl-CoA (n-C18:1CoA)","C39H64N7O17P3S"
"ohpb","2-Oxo-3-hydroxy-4-phosphobutanoate","C4H4O8P"
"op4en","2-Oxopent-4-enoate","C5H5O3"
"orn","Ornithine","C5H13N2O2"
"orot","Orotate","C5H3N2O4"
"orot5p","Orotidine 5'-phosphate","C10H10N2O11P"
"oxam","Oxamate","C2H2NO3"
"oxur","Oxalureate","C3H3N2O4"
"pa120","1,2-didodecanoyl-sn-glycerol 3-phosphate","C27H51O8P1"
"pa140","1,2-ditetradecanoyl-sn-glycerol 3-phosphate","C31H59O8P1"
"pa141","1,2-ditetradec-7-enoyl-sn-glycerol 3-phosphate","C31H55O8P1"
"pa160","1,2-dihexadecanoyl-sn-glycerol 3-phosphate","C35H67O8P1"
"pa161","1,2-dihexadec-9-enoyl-sn-glycerol 3-phosphate","C35H63O8P1"
"pa180","1,2-dioctadecanoyl-sn-glycerol 3-phosphate","C39H75O8P1"
"pa181","1,2-dioctadec-11-enoyl-sn-glycerol 3-phosphate","C39H71O8P1"
"pac","Phenylacetic acid","C8H7O2"
"pacald","Phenylacetaldehyde","C8H8O"
"palmACP","Palmitoyl-ACP (n-C16:0ACP)","C27H51N2O8PRS"
"pan4p","Pantetheine 4'-phosphate","C11H21N2O7PS"
"pant-R","(R)-Pantoate","C6H11O4"
"pap","Adenosine 3',5'-bisphosphate","C10H11N5O10P2"
"paps","3'-Phosphoadenylyl sulfate","C10H11N5O13P2S"
"pdx5p","Pyridoxine 5'-phosphate","C8H10NO6P"
"pe120","phosphatidylethanolamine (didodecanoyl, n-C12:0)","C29H58N1O8P1"
"pe140","phosphatidylethanolamine (ditetradecanoyl, n-C14:0)","C33H66N1O8P1"
"pe141","phosphatidylethanolamine (ditetradec-7-enoyl, n-C14:1)","C33H62N1O8P1"
"pe160","phosphatidylethanolamine (dihexadecanoyl, n-C16:0)","C37H74N1O8P1"
"pe161","phosphatidylethanolamine (dihexadec-9enoyl, n-C16:1)","C37H70N1O8P1"
"pe180","phosphatidylethanolamine (dioctadecanoyl, n-C18:0)","C41H82N1O8P1"
"pe181","phosphatidylethanolamine (dioctadec-11-enoyl, n-C18:1)","C41H78N1O8P1"
"peamn","Phenethylamine","C8H12N"
"pep","Phosphoenolpyruvate","C3H2O6P"
"pg120","Phosphatidylglycerol (didodecanoyl, n-C12:0)","C30H58O10P1"
"pg140","Phosphatidylglycerol (ditetradecanoyl, n-C14:0)","C34H66O10P1"
"pg141","Phosphatidylglycerol (ditetradec-7-enoyl, n-C14:1)","C34H62O10P1"
"pg160","Phosphatidylglycerol (dihexadecanoyl, n-C16:0)","C38H74O10P1"
"pg161","Phosphatidylglycerol (dihexadec-9-enoyl, n-C16:1)","C38H70O10P1"
"pg180","Phosphatidylglycerol (dioctadecanoyl, n-C18:0)","C42H82O10P1"
"pg181","Phosphatidylglycerol (dioctadec-11-enoyl, n-C18:1)","C42H78O10P1"
"pgp120","Phosphatidylglycerophosphate (didodecanoyl, n-C12:0)","C30H57O13P2"
"pgp140","Phosphatidylglycerophosphate (ditetradecanoyl, n-C14:0)","C34H65O13P2"
"pgp141","Phosphatidylglycerophosphate (ditetradec-7-enoyl, n-C14:1)","C34H61O13P2"
"pgp160","Phosphatidylglycerophosphate (dihexadecanoyl, n-C16:0)","C38H73O13P2"
"pgp161","Phosphatidylglycerophosphate (dihexadec-9-enoyl, n-C16:1)","C38H69O13P2"
"pgp180","Phosphatidylglycerophosphate (dioctadecanoyl, n-C18:0)","C42H81O13P2"
"pgp181","Phosphatidylglycerophosphate (dioctadec-11-enoyl, n-C18:1)","C42H77O13P2"
"phaccoa","Phenylacetyl-CoA","C29H38N7O17P3S"
"phe-L","L-Phenylalanine","C9H11NO2"
"pheme","Protoheme","C34H30FeN4O4"
"phetrna","L-Phenylalanyl-tRNA(Phe)","C9H10NOR"
"phhlipa","phospho-heptosyl-heptosyl-kdo2-lipidA","C124H219N2O54P3"
"phom","O-Phospho-L-homoserine","C4H8NO6P"
"phphhlipa","phospho-heptosyl-phospho-heptosyl-heptosyl-kdo2-lipidA","C131H230N2O63P4"
"phpyr","Phenylpyruvate","C9H7O3"
"phthr","O-Phospho-4-hydroxy-L-threonine","C4H8NO7P"
"pi","Phosphate","HO4P"
"pmcoa","Pimeloyl-CoA","C28H41N7O19P3S"
"pmtcoa","Palmitoyl-CoA (n-C16:0CoA)","C37H62N7O17P3S"
"pnto-R","(R)-Pantothenate","C9H16NO5"
"ppa","Propionate (n-C3:0)","C3H5O2"
"ppal","Propanal","C3H6O"
"ppap","Propanoyl phosphate","C3H5O5P"
"ppbng","Porphobilinogen","C10H13N2O4"
"ppcoa","Propanoyl-CoA","C24H36N7O17P3S"
"ppgpp","Guanosine 3',5'-bis(diphosphate)","C10H11N5O17P4"
"pphn","Prephenate","C10H8O6"
"ppi","Diphosphate","HO7P2"
"ppp9","Protoporphyrin","C34H32N4O4"
"pppg9","Protoporphyrinogen IX","C34H38N4O4"
"pppi","Inorganic triphosphate","HO10P3"
"pppn","Phenylpropanoate","C9H9O2"
"ppt","Phosphonate","HO3P"
"pram","5-Phospho-beta-D-ribosylamine","C5H11NO7P"
"pran","N-(5-Phospho-D-ribosyl)anthranilate","C12H13NO9P"
"prbamp","1-(5-Phosphoribosyl)-AMP","C15H19N5O14P2"
"prbatp","1-(5-Phosphoribosyl)-ATP","C15H19N5O20P4"
"prfp","1-(5-Phosphoribosyl)-5-[(5-phosphoribosylamino)methylideneamino]imidazole-4-carboxamide","C15H21N5O15P2"
"prlp","5-[(5-phospho-1-deoxyribulos-1-ylamino)methylideneamino]-1-(5-phosphoribosyl)imidazole-4-carboxamide","C15H21N5O15P2"
"progly","L-Prolinylglycine","C7H12N2O3"
"pro-L","L-Proline","C5H9NO2"
"protrna","L-Prolyl-tRNA(Pro)","C5H8NOR"
"prpp","5-Phospho-alpha-D-ribose 1-diphosphate","C5H8O14P3"
"ps120","phosphatidylserine (didodecanoyl, n-C12:0)","C30H57N1O10P1"
"ps140","phosphatidylserine (ditetradecanoyl, n-C14:0)","C34H65N1O10P1"
"ps141","phosphatidylserine (ditetradec-7-enoyl, n-C14:1)","C34H61N1O10P1"
"ps160","phosphatidylserine (dihexadecanoyl, n-C16:0)","C38H73N1O10P1"
"ps161","phosphatidylserine (dihexadec-9-enoyl, n-C16:1)","C38H69N1O10P1"
"ps180","phosphatidylserine (dioctadecanoyl, n-C18:0)","C42H81N1O10P1"
"ps181","phosphatidylserine (dioctadec-11-enoyl, n-C18:1)","C42H77N1O10P1"
"psclys","psicoselysine","C12H25N2O7"
"pser-L","O-Phospho-L-serine","C3H6NO6P"
"ptrc","Putrescine","C4H14N2"
"pyam5p","Pyridoxamine 5'-phosphate","C8H12N2O5P"
"pydam","Pyridoxamine","C8H13N2O2"
"pydx","Pyridoxal","C8H9NO3"
"pydx5p","Pyridoxal 5'-phosphate","C8H8NO6P"
"pydxn","Pyridoxine","C8H11NO3"
"pyr","Pyruvate","C3H3O3"
"q8","Ubiquinone-8","C49H74O4"
"q8h2","Ubiquinol-8","C49H76O4"
"quln","Quinolinate","C7H3NO4"
"r15bp","D-Ribose 1,5-bisphosphate","C5H8O11P2"
"r1p","alpha-D-Ribose 1-phosphate","C5H9O8P"
"r5p","alpha-D-Ribose 5-phosphate","C5H9O8P"
"ragund","rhamanosyl-N-acetylglucosamyl-undecaprenyl diphosphate","C69H113N1O16P2"
"rbflvrd","Reduced riboflavin","C17H22N4O6"
"rbl-L","L-Ribulose","C5H10O5"
"rdmbzi","N1-(alpha-D-ribosyl)-5,6-dimethylbenzimidazole","C14H18N2O4"
"rhcys","S-Ribosyl-L-homocysteine","C9H17NO6S"
"rib-D","D-Ribose","C5H10O5"
"ribflv","Riboflavin","C17H20N4O6"
"rml","L-Rhamnulose","C6H12O5"
"rml1p","L-Rhamnulose 1-phosphate","C6H11O8P"
"rmn","L-Rhamnose","C6H12O5"
"ru5p-D","D-Ribulose 5-phosphate","C5H9O8P"
"ru5p-L","L-Ribulose 5-phosphate","C5H9O8P"
"s","Sulfur","S"
"s7p","Sedoheptulose 7-phosphate","C7H13O10P"
"sarcs","Sarcosine","C3H7NO2"
"sbt6p","D-Sorbitol 6-phosphate","C6H13O9P"
"sbt-D","D-Sorbitol","C6H14O6"
"sbzcoa","O-Succinylbenzoyl-CoA","C32H39N7O20P3S"
"scl","sirohydrochlorin","C42H39N4O16"
"sectrna","L-Selenocysteinyl-tRNA(Sec)","C3H6NOSeR"
"seln","Selenide","HSe"
"selnp","Selenophosphate","H2O3PSe"
"seramp","L-seryl-AMP","C13H19N6O9P"
"ser-D","D-Serine","C3H7NO3"
"ser-L","L-Serine","C3H7NO3"
"sertrna","L-Seryl-tRNA(Ser)","C3H6NO2R"
"sertrna-sec","L-Seryl-tRNA(Sec)","C3H6NO2R"
"Sfglutth","S-Formylglutathione","C11H16N3O7S"
"sheme","Siroheme","C42H36FeN4O16"
"skm","Shikimate","C7H9O5"
"skm5p","Shikimate 5-phosphate","C7H8O8P"
"sl26da","N-Succinyl-LL-2,6-diaminoheptanedioate","C11H16N2O7"
"sl2a6o","N-Succinyl-2-L-amino-6-oxoheptanedioate","C11H12NO8"
"so2","sulfur dioxide","O2S"
"so3","Sulfite","O3S"
"so4","Sulfate","O4S"
"spmd","Spermidine","C7H22N3"
"ssaltpp","Succinate semialdehyde-thiamin diphosphate anion","C16H21N4O10P2S"
"stcoa","Stearoyl-CoA (n-C18:0CoA)","C39H66N7O17P3S"
"suc6p","Sucrose 6-phosphate","C12H21O14P"
"sucarg","N2-Succinyl-L-arginine","C10H17N4O5"
"sucbz","o-Succinylbenzoate","C11H8O5"
"succ","Succinate","C4H4O4"
"succoa","Succinyl-CoA","C25H35N7O19P3S"
"sucglu","N2-Succinyl-L-glutamate","C9H10NO7"
"sucgsa","N2-Succinyl-L-glutamate 5-semialdehyde","C9H11NO6"
"suchms","O-Succinyl-L-homoserine","C8H12NO6"
"sucorn","N2-Succinyl-L-ornithine","C9H15N2O5"
"sucr","Sucrose","C12H22O11"
"sucsal","Succinic semialdehyde","C4H5O3"
"sulfac","sulfoacetate","C2H2O5S"
"t3c11vaceACP","trans-3-cis-11-vacceoyl-[acyl-carrier protein]","C29H51N2O8PRS"
"t3c5ddeceACP","trans-3-cis-5-dodecenoyl-[acyl-carrier protein]","C23H39N2O8PRS"
"t3c7mrseACP","trans-3-cis-7-myristoleoyl-[acyl-carrier protein]","C25H43N2O8PRS"
"t3c9palmeACP","trans-3-cis-9-palmitoleoyl-[acyl-carrier protein]","C27H47N2O8PRS"
"tag6p-D","D-Tagatose 6-phosphate","C6H11O9P"
"tagdp-D","D-Tagatose 1,6-biphosphate","C6H10O12P2"
"tagur","D-Tagaturonate","C6H9O7"
"tartr-L","L-tartrate","C4H4O6"
"taur","Taurine","C2H7NO3S"
"tcynt","Thiocyanate","CNS"
"td2coa","trans-Tetradec-2-enoyl-CoA","C35H56N7O17P3S"
"tdcoa","Tetradecanoyl-CoA (n-C14:0CoA)","C35H58N7O17P3S"
"tddec2eACP","trans-Dodec-2-enoyl-[acyl-carrier protein]","C23H41N2O8PRS"
"tdeACP","cis-tetradec-7-enoyl-[acyl-carrier protein] (n-C14:1)","C25H45N2O8PRS"
"tdec2eACP","trans-Dec-2-enoyl-[acyl-carrier protein]","C21H37N2O8PRS"
"tdecoa","Tetradecenoyl-CoA (n-C14:1CoA)","C35H56N7O17P3S"
"thdp","2,3,4,5-Tetrahydrodipicolinate","C7H7NO4"
"thex2eACP","trans-Hex-2-enoyl-[acyl-carrier protein]","C17H29N2O8PRS"
"thf","5,6,7,8-Tetrahydrofolate","C19H21N7O6"
"thm","Thiamin","C12H17N4OS"
"thmmp","Thiamin monophosphate","C12H16N4O4PS"
"thmpp","Thiamine diphosphate","C12H16N4O7P2S"
"thr-L","L-Threonine","C4H9NO3"
"thrp","L-Threonine O-3-phosphate","C4H8NO6P"
"thrtrna","L-Threonyl-tRNA(Thr)","C4H8NO2R"
"thym","Thymine","C5H6N2O2"
"thymd","Thymidine","C10H14N2O5"
"tma","trimethylamine","C3H10N"
"tmao","Trimethylamine N-oxide","C3H9NO"
"tmrs2eACP","trans-Tetradec-2-enoyl-[acyl-carrier protein]","C25H45N2O8PRS"
"toct2eACP","trans-Oct-2-enoyl-[acyl-carrier protein]","C19H33N2O8PRS"
"toctd2eACP","trans-octadec-2-enoyl-[acyl-carrier protein]","C29H53N2O8PRS"
"tpalm2eACP","trans-Hexadec-2-enoyl-[acyl-carrier protein]","C27H49N2O8PRS"
"trdox","Oxidized thioredoxin","X"
"trdrd","Reduced thioredoxin","XH2"
"tre","Trehalose","C12H22O11"
"tre6p","alpha,alpha'-Trehalose 6-phosphate","C12H21O14P"
"trnaala","tRNA(Ala)","R"
"trnaarg","tRNA(Arg)","R"
"trnaasn","tRNA(Asn)","R"
"trnaasp","tRNA(Asp)","R"
"trnacys","tRNA(Cys)","R"
"trnagln","tRNA(Gln)","R"
"trnaglu","tRNA (Glu)","R"
"trnagly","tRNA(Gly)","R"
"trnahis","tRNA(His)","R"
"trnaile","tRNA(Ile)","R"
"trnaleu","tRNA(Leu)","R"
"trnalys","tRNA(Lys)","R"
"trnamet","tRNA(Met)","R"
"trnaphe","tRNA(Phe)","R"
"trnapro","tRNA(Pro)","R"
"trnasecys","tRNA(SeCys)","R"
"trnaser","tRNA(Ser)","R"
"trnathr","tRNA(Thr)","R"
"trnatrp","tRNA(Trp)","R"
"trnatyr","tRNA(Tyr)","R"
"trnaval","tRNA(Val)","R"
"trp-L","L-Tryptophan","C11H12N2O2"
"trptrna","L-Tryptophanyl-tRNA(Trp)","C11H11N2OR"
"tsul","Thiosulfate","O3S2"
"ttdca","tetradecanoate (n-C14:0)","C14H27O2"
"ttdcea","tetradecenoate (n-C14:1)","C14H25O2"
"tungs","tungstate","O4W1"
"tym","Tyramine","C8H12NO"
"tyr-L","L-Tyrosine","C9H11NO3"
"tyrp","Phosphotyrosine","C9H10NO6P"
"tyrtrna","L-Tyrosyl-tRNA(Tyr)","C9H10NO2R"
"u23ga","UDP-2,3-bis(3-hydroxytetradecanoyl)glucosamine","C43H75N3O20P2"
"u3aga","UDP-3-O-(3-hydroxytetradecanoyl)-N-acetylglucosamine","C31H51N3O19P2"
"u3hga","UDP-3-O-(3-hydroxytetradecanoyl)-D-glucosamine","C29H50N3O18P2"
"uaagmda","Undecaprenyl-diphospho-N-acetylmuramoyl-(N-acetylglucosamine)-L-ala-D-glu-meso-2,6-diaminopimeloyl-D-ala-D-ala","C95H152N8O28P2"
"uaccg","UDP-N-acetyl-3-O-(1-carboxyvinyl)-D-glucosamine","C20H26N3O19P2"
"uacgam","UDP-N-acetyl-D-glucosamine","C17H25N3O17P2"
"uacmam","UDP-N-acetyl-D-mannosamine","C17H25N3O17P2"
"uacmamu","UDP-N-acetyl-D-mannosaminouronate","C17H22N3O18P2"
"uagmda","Undecaprenyl-diphospho-N-acetylmuramoyl-L-alanyl-D-glutamyl-meso-2,6-diaminopimeloyl-D-alanyl-D-alanine","C87H139N7O23P2"
"uama","UDP-N-acetylmuramoyl-L-alanine","C23H33N4O20P2"
"uamag","UDP-N-acetylmuramoyl-L-alanyl-D-glutamate","C28H39N5O23P2"
"uamr","UDP-N-acetylmuramate","C20H28N3O19P2"
"udcpdp","Undecaprenyl diphosphate","C55H89O7P2"
"udcpp","Undecaprenyl phosphate","C55H89O4P"
"udp","UDP","C9H11N2O12P2"
"udpacgal","UDP-N-acetyl-D-galactosamine","C17H25N3O17P2"
"udpg","UDPglucose","C15H22N2O17P2"
"udpgal","UDPgalactose","C15H22N2O17P2"
"udpgalfur","UDP-D-galacto-1,4-furanose","C15H22N2O17P2"
"udpglcur","UDP-D-glucuronate","C15H19N2O18P2"
"udpLa4fn","uridine 5''-diphospho-{beta}-4-deoxy-4-formamido-L-arabinose","C15H21N3O16P2"
"udpLa4n","uridine 5''-diphospho-{beta}-4-deoxy-4-amino-L-arabinose","C14H22N3O15P2"
"udpLa4o","UDP-4-keto-pyranose","C14H18N2O16P2"
"ugmd","UDP-N-acetylmuramoyl-L-alanyl-D-gamma-glutamyl-meso-2,6-diaminopimelate","C35H51N7O26P2"
"ugmda","UDP-N-acetylmuramoyl-L-alanyl-D-glutamyl-meso-2,6-diaminopimeloyl-D-alanyl-D-alanine","C41H61N9O28P2"
"uLa4fn","undecaprenyl phosphate-4-amino-4-formyl-L-arabinose","C61H99N1O8P1"
"uLa4n","undecaprenyl phosphate-4-amino-4-deoxy-L-arabinose","C60H100N1O7P1"
"um4p","UDP-N-acetylmuramoyl-L-alanyl-D-gamma-glutamyl-meso-2,6-diaminopimelate-D-alanine","C38H56N8O27P2"
"ump","UMP","C9H11N2O9P"
"unaga","Undecaprenyl diphospho N-acetyl-glucosamine","C63H103NO12P2"
"unagamu","Undecaprenyl-diphospho-N-acetylglucosamine-N-acetylmannosaminuronate","C71H113N2O18P2"
"unagamuf","Undecaprenyl-diphospho N-acetylglucosamine-N-acetylmannosaminuronate-N-acetamido-4,6-dideoxy-D-galactose","C79H126N3O22P2"
"uppg3","Uroporphyrinogen III","C40H36N4O16"
"ura","Uracil","C4H4N2O2"
"urate","Urate","C5H4N4O3"
"urdglyc","(-)-Ureidoglycolate","C3H5N2O4"
"urea","Urea","CH4N2O"
"uri","Uridine","C9H12N2O6"
"utp","UTP","C9H11N2O15P3"
"val-L","L-Valine","C5H11NO2"
"valtrna","L-Valyl-tRNA(Val)","C5H10NOR"
"xan","Xanthine","C5H4N4O2"
"xdp","XDP","C10H11N4O12P2"
"xmp","Xanthosine 5'-phosphate","C10H11N4O9P"
"xtp","XTP","C10H11N4O15P3"
"xtsn","Xanthosine","C10H12N4O6"
"xu5p-D","D-Xylulose 5-phosphate","C5H9O8P"
"xu5p-L","L-Xylulose 5-phosphate","C5H9O8P"
"xyl-D","D-Xylose","C5H10O5"
"xylu-D","D-Xylulose","C5H10O5"
"xylu-L","L-Xylulose","C5H10O5"
"zn2","Zinc","Zn"
"cellb","Cellobiose","C12H22O11"
"cellb6p","Cellobiose-6-phosphate","C12H21O14P"
"salcn","Salicin","C13H18O7"
"salcn6p","Salicin 6-phosphate","C13H19O10P"
"2hymeph","2-(Hydroxymethyl)phenol","C7H8O2"
"raffin","Raffinose","C18H32O16"
"galam","D-Galactosamine","C6H13NO5"
"galam6p","D-Galactosamine-6-phosphate","C6H14NO8P"
"acgal6p","N-Acetyl-D-galactosamine 6-phosphate","C8H16NO9P"
"3hoxpac","3-Hydroxyphenylacetic acid","C8H8O3"
"4hoxpac","4-Hydroxyphenylacetic acid","C8H8O3"
"34dhpha","3,4-Dihydroxyphenylacetic acid","C8H8O4"
"chms","5-Carboxymethyl-2-hydroxymuconic semialdehyde","C8H8O6"
"chm","5-Carboxymethyl-2-hydroxymuconiC ACID","C8H8O7"
"opet","5-oxo-pent-3-ene-1,2,5-tricarboxylic acid","C8H8O7"
"hhdd","2-hydroxy-hepta-2,4-diene-1,7-dioic acid","C7H8O5"
"ohed","2-oxo-hept-3-ene-1,7-dioic acid","C7H8O5"
"hhed","2,4-dihydroxy-hept-2-ene-1,7-dioic acid","C7H10O6"
"2dhphaccoa","1,2-Dihydroxy-1,2-dihydrophenylacetyl-CoA","C29H40N7O19P3S"
"2hphaccoa","2-Hydroxyphenylacetyl-CoA","C29H42N7O18P3S"
"3hadpcoa","(3S)-3-Hydroxyadipyl-CoA","C27H39N7O20P3S"
"oxadpcoa","3-Oxoadipyl-CoA","C27H37N7O20P3S"
"34dhpac","3,4-Dihydroxyphenylacetaldehyde","C8H8O3"
"35dhpha","3,5-Dihydroxyphenylacetic acid","C8H8O4"
"2hyoxplac","2-hydroxyphenylacetate","C8H7O3"
"3dhphaccoa","2,3-Dihydroxy-2,3-dihydrophenylacetyl-CoA","C29H40N7O19P3S"
"3hphaccoa","3-Hydroxyphenylacetyl-CoA","C29H42N7O18P3S"
"34dhphaccoa","3,4-Dihydroxyphenylacetyl-CoA","C29H42N7O19P3S"
"35dhphaccoa","3,5-Dihydroxyphenylacetyl-CoA","C29H42N7O19P3S"
"hphaccoa","4-Hydroxyphenylacetyl-CoA","C29H42N7O18P3S"
"hgentis","homogentisic acid","C8H7O4"
"peng","Penicillin G","C16H18N2O4S"
"6apa","6-Aminopenicillanic acid","C8H12N2O3S"
"3ntym","3-Nitrotyramine","C8H15N2"
"4h3npacald","4-Hydroxy-3-Nitro-Phenylacetaldehyde","C8H11NO"
"4h3npac","4-Hydroxy-3-Nitro-Phenylacetic acid","C8H10NO2"
"enlipidA","1'-Phosphoethanolamin lipidIVa","C70H132N3O26P3"
"14denlipidA","1'-4'-bisphosphoethanolamin lipidIVa","C72H138N4O29P4"
"lipidAp","Lipid IVa with palmitoyl","C84H156N2O24P2"
"LptA","periplasmic lipid A-binding protein",
"lipidA_LptA","lipidA with LptA bound","C68H126N2O23P2"
"enlipidA_LptA","1'-Phosphoethanolamin lipidIVa with LptA bound","C70H132N3O26P3"
"14denlipidA_LptA","1'-4'-bisphosphoethanolamin lipidIVa with LptA","C72H138N4O29P4"
"lipidA_core","Lipid IVa core",
"lipaA","KDO(2)-lipid (A)","C110H196N2O39P2"
"lipaB","KDO(2)-lipid (A)  with laurate","C108H192N2O39P2"
"lipaF","KDO(2)-lipid (A) with 1-diphosphate","C110H196N2O42P3"
"lipa_core","Kdo2-Lipid A core with abundances",
"hlipaA","heptosyl-kdo2-lipidA","C117H208N2O45P2"
"hhlipaA","heptosyl-heptosyl-kdo2-lipidA","C124H200N2O51P2"
"phhlipaA","phospho-heptosyl-heptosyl-kdo2-lipidA","C124H199N2O54P3"
"hphhlipaA","heptosyl-phospho-heptosyl-heptosyl-kdo2-lipidA","C131H211N2O60P3"
"icolipaAR1","R1 inner core oligosaccharide lipid A (E coli)","C131H210N2O63P4"
"gicolipaAR1","R1 glucosyl-inner core oligosaccharide lipid A","C137H220N2O68P4"
"ggicolipaAR1","R1 glucosyl-glucosyl-inner core oligosaccharide lipid A","C143H230N2O73P4"
"gggicolipaAR1","R1 glucosyl-glucosyl-glucosyl-inner core oligosaccharide lipid A","C149H240N2O78P4"
"gagggicolipaAR1","R1 galactosyl-glucosyl-glucosyl-glucosyl-inner core oligosaccharide lipid A","C155H250N2O83P4"
"colipaA","core oligosaccharide lipid A","C161H260N2O88P4"
"hlipaB","heptosyl-kdo2-lipidA with laurate","C115H204N2O45P2"
"hhlipaB","heptosyl-heptosyl-kdo2-lipidA with laurate","C122H196N2O51P2"
"hphhlipaB","heptosyl-phospho-heptosyl-heptosyl-kdo2-lipidA with laurate","C122H195N2O54P3"
"phhlipaB","phospho-heptosyl-heptosyl-kdo2-lipidA with laurate","C129H207N2O60P3"
"icolipaBR1","R1 inner core oligosaccharide lipid A (E coli) with laurate","C129H206N2O63P4"
"gicolipaBR1","R1 glucosyl-inner core oligosaccharide lipid A with laurate","C135H216N2O68P4"
"ggicolipaBR1","R1 glucosyl-glucosyl-inner core oligosaccharide lipid A with laurate","C141H226N2O73P4"
"gggicolipaBR1","R1 glucosyl-glucosyl-glucosyl-inner core oligosaccharide lipid A with laurate","C147H236N2O78P4"
"gagggicolipaBR1","R1 galactosyl-glucosyl-glucosyl-glucosyl-inner core oligosaccharide lipid A with laurate","C153H246N2O83P4"
"colipaB","core oligosaccharide lipid A with laurate","C159H256N2O88P4"
"colipaF","core oligosaccharide lipid A with 1'-diphosphate ","C161H260N2O91P5"
"colipa","core oligosaccharide lipid A with abundances",
"magund","mannosyl-N-acetylglucosamyl-undecaprenyl diphosphate","C69H114NO17P2"
"mmagund","mannosyl-mannosyl-N-acetylglucosamyl-undecaprenyl diphosphate","C75H125NO22P2"
"gammagund","N-acetylgalactosamyl-mannosyl-mannosyl-N-acetylglucosamyl-undecaprenyl diphosphate","C83H139N2O27P2"
"o6aund","O6 antigen undecaprenyl diphosphate","C89H150N2O32P2"
"o6a2und","(O6 antigen)x2 undecaprenyl diphosphate","C123H210NO54P2"
"o6a3und","(O6 antigen)x3 undecaprenyl diphosphate","C157H270N2O76P2"
"o6a4und","(O6 antigen)x4 undecaprenyl diphosphate","C191H330N2O98P2"
"o6a4colipa","(O6 antigen)x4 core oligosaccharide lipid A","O225H390N2O120P2"
